SYS,SID,RAW.SCR,Z.SCR,N
MMCUniAugsburg,1263,56.3529411764706,0.085131869805098,17
MMCUniAugsburg,689,29.2941176470588,-0.637579447212752,17
MMCUniAugsburg,239,24.6470588235294,-0.851935060270839,17
MMCUniAugsburg,1046,44.2352941176471,-0.201491150269652,17
MMCUniAugsburg,1471,56.0588235294118,0.154262623395168,17
MMCUniAugsburg,595,35.1764705882353,-0.429375583883733,17
MMCUniAugsburg,1231,39.8823529411765,-0.37573480803124,17
MMCUniAugsburg,1222,38.5294117647059,-0.485497571393655,17
MMCUniAugsburg,1438,34.6842105263158,-0.593899810663394,19
MMCUniAugsburg,663,33.8157894736842,-0.619254801108209,38
MMCUniAugsburg,1678,64.3157894736842,0.323874328356511,19
MMCUniAugsburg,690,55.2631578947368,0.057153177177207,19
MMCUniAugsburg,1517,25.6315789473684,-0.959649403003793,19
MMCUniAugsburg,1275,48.2631578947368,-0.174246394521081,19
MMCUniAugsburg,1076,20.8947368421053,-0.897917995113539,19
MMCUniAugsburg,1073,82.8235294117647,0.747495751863226,34
MMCUniAugsburg,599,55.2941176470588,-0.025862656836725,17
MMCUniAugsburg,1209,64.5294117647059,0.116780410063367,17
MMCUniAugsburg,176,50.5882352941176,-0.127406873896952,17
MMCUniAugsburg,307,41.5588235294118,-0.407881508298494,34
MMCUniAugsburg,89,28.1176470588235,-0.836469209057678,17
MMCUniAugsburg,1607,36.9411764705882,-0.547650656739597,17
MMCUniAugsburg,203,32.0588235294118,-0.682465940890175,17
MMCUniAugsburg,633,38.7647058823529,-0.4905355620431,17
MMCUniAugsburg,1588,24.5294117647059,-0.832562908737294,17
MMCUniAugsburg,336,46.7058823529412,-0.111175553273704,17
MMCUniAugsburg,728,50.1176470588235,-0.023844697740539,34
MMCUniAugsburg,1151,27.5882352941176,-0.693408079304475,17
MMCUniAugsburg,1455,73.7647058823529,0.554791413436194,17
MMCUniAugsburg,455,43.5882352941176,-0.162261887406203,17
MMCUniAugsburg,180,41.0588235294118,-0.374035341713162,17
MMCUniAugsburg,540,72.3333333333333,0.351157989511487,36
MMCUniAugsburg,424,65.3333333333333,0.124880737114017,18
MMCUniAugsburg,17,45.8333333333333,-0.484065444984471,18
MMCUniAugsburg,1346,41.7777777777778,-0.605198129694612,18
MMCUniAugsburg,850,55.6666666666667,-0.097162876870269,18
MMCUniAugsburg,1630,47.8333333333333,-0.496356382289338,18
MMCUniAugsburg,1581,54.6111111111111,-0.430328216389514,18
MMCUniAugsburg,758,77.7777777777778,0.465218124831082,18
MMCUniAugsburg,1115,42.3333333333333,-0.462464947566427,18
MMCUniAugsburg,1319,45.6666666666667,-0.358554935103179,36
MMCUniAugsburg,1162,60.7222222222222,0.005951844742676,18
MMCUniAugsburg,190,54.4444444444444,-0.113271231503335,18
MMCUniAugsburg,1684,45.7777777777778,-0.398560646638122,18
MMCUniAugsburg,1591,41.5555555555556,-0.277219091377699,36
MMCUniAugsburg,654,83.3333333333333,0.841183583049771,18
MMCUniAugsburg,467,25.7222222222222,-0.700170425025339,18
MMCUniAugsburg,83,30.2222222222222,-0.598567950137402,18
MMCUniAugsburg,449,42.9166666666667,-0.239019097636212,36
MMCUniAugsburg,1534,22.9444444444444,-0.805622246810099,36
MMCUniAugsburg,1478,15.8333333333333,-1.00224435770392,18
MMCUniAugsburg,1569,38.0277777777778,-0.411106843905826,36
MMCUniAugsburg,593,55.1111111111111,0.092679868194316,18
MMCUniAugsburg,436,29.7777777777778,-0.596700196297415,18
MMCUniAugsburg,967,30.6666666666667,-0.553881741859892,18
MMCUniAugsburg,1416,24.3888888888889,-0.734914407582687,18
MMCUniAugsburg,122,81.0555555555556,0.761711211723543,18
MMCUniAugsburg,7,17.6111111111111,-0.973486326805538,18
MMCUniAugsburg,320,47.1666666666667,-0.117443273782373,18
MMCUniAugsburg,948,31.3333333333333,-0.552305773494985,18
MMCUniAugsburg,928,49.125,-0.152335373215152,16
MMCUniAugsburg,1515,42.0625,-0.267335477819011,16
MMCUniAugsburg,492,31.5,-0.548743915465179,16
MMCUniAugsburg,616,43.0625,-0.242680294481188,16
MMCUniAugsburg,983,34.8125,-0.497619506166871,16
MMCUniAugsburg,1249,52.65625,0.030001173841344,32
MMCUniAugsburg,1427,27.28125,-0.738416182161414,32
MMCUniAugsburg,253,43.3125,-0.262543952790082,16
MMCUniAugsburg,1512,52.75,-0.027431337151298,16
MMCUniAugsburg,806,34.5625,-0.476931350803318,16
MMCUniAugsburg,931,13.3684210526316,-1.0932348844263,19
MMCUniAugsburg,863,33.2105263157895,-0.519001486828378,19
MMCUniAugsburg,584,44.2105263157895,-0.228883674415905,19
MMCUniAugsburg,1688,48.3157894736842,-0.138486407293227,19
MMCUniAugsburg,1627,43.5263157894737,-0.192465359475529,38
MMCUniAugsburg,981,70.8947368421053,0.474211505884663,19
MMCUniAugsburg,1184,54.6842105263158,-0.006059896949664,19
MMCUniAugsburg,421,53.8421052631579,0.087729865776796,19
MMCUniAugsburg,164,34.4210526315789,-0.425569584849987,19
MMCUniAugsburg,1353,25.3684210526316,-0.731317704515908,19
MMCUniAugsburg,1363,29.1052631578947,-0.738453282291095,19
MMCUniAugsburg,646,44.8947368421053,-0.173473754907782,19
MMCUniAugsburg,522,37.1578947368421,-0.397092593495345,19
MMCUniAugsburg,1007,38.5789473684211,-0.33476246034697,19
MMCUniAugsburg,1126,46.1875,-0.324931001142051,16
MMCUniAugsburg,501,34.25,-0.597108251887366,32
MMCUniAugsburg,1623,23.25,-0.931597460493215,16
MMCUniAugsburg,1657,72.75,0.538027246899171,32
MMCUniAugsburg,1401,40,-0.444358978259087,16
MMCUniAugsburg,1000,96.6875,1.21193326092854,16
MMCUniAugsburg,1012,43.1875,-0.351572444619228,16
MMCUniAugsburg,1302,35.875,-0.533703532644283,16
MMCUniAugsburg,1202,93.625,1.11560382248506,16
MMCUniAugsburg,1641,44.4375,-0.317207651115612,16
MMCUniAugsburg,440,30.1875,-0.744899089967336,16
MMCUniAugsburg,741,39.6875,-0.409472087905309,16
MMCUniAugsburg,978,25.2631578947368,-0.66305335263999,19
MMCUniAugsburg,1034,35.6315789473684,-0.396006894808075,19
MMCUniAugsburg,37,25.1578947368421,-0.707759559612373,19
MMCUniAugsburg,686,28.2631578947368,-0.579305868394659,19
MMCUniAugsburg,172,18.9473684210526,-0.852007734182489,19
MMCUniAugsburg,1055,33.9473684210526,-0.410617098582417,19
MMCUniAugsburg,566,44.0526315789474,-0.12427044766586,19
MMCUniAugsburg,337,22.5263157894737,-0.770040926370587,19
MMCUniAugsburg,518,48.3684210526316,-0.04788134407489,19
MMCUniAugsburg,1449,35.5263157894737,-0.314834177284274,19
MMCUniAugsburg,877,38.5263157894737,-0.322757795071986,19
MMCUniAugsburg,186,22.8947368421053,-0.748193270471797,19
MMCUniAugsburg,386,12.3529411764706,-1.41060672597591,17
MMCUniAugsburg,1238,32.2352941176471,-0.76189086350719,17
MMCUniAugsburg,318,29.2647058823529,-0.854588161653542,34
MMCUniAugsburg,1453,26.5294117647059,-0.88658303612504,17
MMCUniAugsburg,949,37.4117647058824,-0.584806277377711,17
MMCUniAugsburg,1603,50.7647058823529,-0.177421324934278,17
MMCUniAugsburg,143,41.2352941176471,-0.539180239470803,17
MMCUniAugsburg,1033,33.9411764705882,-0.705145280267437,17
MMCUniAugsburg,919,53.4705882352941,-0.105393717417443,17
MMCUniAugsburg,232,39.2941176470588,-0.466025691159562,17
MMCUniAugsburg,753,71.0588235294118,0.408036910538287,17
MMCUniAugsburg,1650,33.4117647058824,-0.706391594574795,17
MMCUniAugsburg,68,59.2941176470588,0.157362169554355,17
MMCUniAugsburg,1543,43.7058823529412,-0.410940097575289,17
MMCUniAugsburg,1412,83.4117647058823,0.760959556375525,17
MMCUniAugsburg,1491,46,-0.308090163005049,17
MMCUniAugsburg,652,50.8823529411765,-0.139044666116788,17
MMCUniAugsburg,1635,59.6470588235294,0.027824329312989,17
MMCUniAugsburg,572,33.2666666666667,-0.710706617415277,15
MMCUniAugsburg,1370,26.8666666666667,-0.834336202617901,15
MMCUniAugsburg,1354,47.0666666666667,-0.199847320884505,15
MMCUniAugsburg,521,40.2666666666667,-0.435964005162444,15
MMCUniAugsburg,1041,50.8666666666667,-0.040098265561985,30
MMCUniAugsburg,502,72.2666666666667,0.522876738628582,15
MMCUniAugsburg,853,53.8,-0.012878787357917,15
MMCUniAugsburg,194,69.8666666666667,0.456421592212367,15
MMCUniAugsburg,1176,67.6666666666667,0.340088856120478,15
MMCUniAugsburg,1586,49.7333333333333,-0.111647820331384,15
MMCUniAugsburg,647,36.4666666666667,-0.468393576623608,15
MMCUniAugsburg,1639,49.2666666666667,-0.162540739984979,15
MMCUniAugsburg,1001,53,0.012433398865018,15
MMCUniAugsburg,1685,36.3333333333333,-0.482778069796833,15
MMCUniAugsburg,770,34,-0.480430621639437,17
MMCUniAugsburg,297,21.2941176470588,-0.911115730186377,17
MMCUniAugsburg,67,34.7058823529412,-0.509377071813529,17
MMCUniAugsburg,1601,34.9411764705882,-0.678706120209498,17
MMCUniAugsburg,1419,84.8235294117647,0.729456453540934,17
MMCUniAugsburg,169,18.0588235294118,-0.964246863858761,17
MMCUniAugsburg,797,41.7058823529412,-0.347271206677786,17
MMCUniAugsburg,560,44.5294117647059,-0.3008200407408,17
MMCUniAugsburg,156,29.9411764705882,-0.679608205255366,17
MMCUniAugsburg,1395,25.2941176470588,-0.75626539599272,17
MMCUniAugsburg,419,28.7647058823529,-0.851837736093308,17
MMCUniAugsburg,587,32.9411764705882,-0.50733752659592,17
MMCUniAugsburg,121,33.2941176470588,-0.532970154149789,17
MMCUniAugsburg,734,88.7333333333333,0.946828828605611,15
MMCUniAugsburg,88,39.2666666666667,-0.364521926441263,15
MMCUniAugsburg,1027,59.9333333333333,0.110317993179333,15
MMCUniAugsburg,760,57.8,0.017836027186357,15
MMCUniAugsburg,410,45,-0.4131902066576,15
MMCUniAugsburg,1680,32,-0.638721703895153,15
MMCUniAugsburg,637,52.3666666666667,-0.191169777159008,30
MMCUniAugsburg,1013,32.2666666666667,-0.831465268558435,15
MMCUniAugsburg,1166,42.0666666666667,-0.502488222390829,15
MMCUniAugsburg,1314,77.4666666666667,0.676470990562043,30
MMCUniAugsburg,664,26.9333333333333,-0.657238154672977,15
MMCUniAugsburg,940,24.3333333333333,-0.711486896708804,15
MMCUniAugsburg,925,54,0.176901090224457,15
MMCUniAugsburg,140,50.8666666666667,0.158029318687752,15
MMCUniAugsburg,219,32.2,-0.502063944464832,15
MMCUniAugsburg,743,15,-1.04264854336661,15
MMCUniAugsburg,114,69.7333333333333,0.438311419980913,15
MMCUniAugsburg,554,37.4,-0.219325630463325,15
MMCUniAugsburg,1355,34.2,-0.413338619383781,15
MMCUniAugsburg,479,37.1333333333333,-0.386100962325198,15
MMCUniAugsburg,517,39.0666666666667,-0.166236437670813,15
MMCUniAugsburg,1593,44.0666666666667,-0.207931944809756,15
MMCUniAugsburg,1502,36.4,-0.368970410700808,15
MMCUniAugsburg,1236,23.2777777777778,-0.902800079040568,36
MMCUniAugsburg,986,46.7777777777778,-0.228645327703307,18
MMCUniAugsburg,258,50.5555555555556,-0.117913992405672,18
MMCUniAugsburg,1384,58.6111111111111,0.028594057673592,18
MMCUniAugsburg,656,53.8888888888889,0.010047758013489,18
MMCUniAugsburg,1079,31.1666666666667,-0.68291102158867,18
MMCUniAugsburg,926,32.4444444444444,-0.618508442193356,18
MMCUniAugsburg,546,42.5,-0.446568164247352,18
MMCUniAugsburg,715,39.9444444444444,-0.402837253652708,18
MMCUniAugsburg,286,54.4444444444444,0.088283555556336,18
MMCUniAugsburg,688,41.7777777777778,-0.265563574133053,18
MMCUniAugsburg,914,44.3333333333333,-0.184720934074861,18
MMCUniAugsburg,1173,31.6111111111111,-0.602196555892369,18
MMCUniAugsburg,1301,22.9444444444444,-0.877390540802344,18
MMCUniAugsburg,874,40.5,-0.350585902712524,18
MMCUniAugsburg,629,68.5555555555556,0.544273176090648,18
MMCUniAugsburg,58,28.6666666666667,-0.769041986059999,18
MMCUniAugsburg,173,31.3888888888889,-0.583912466739424,18
MMCUniAugsburg,963,24.6666666666667,-0.821342236031971,18
MMCUniAugsburg,988,38.3888888888889,-0.38136526913802,18
MMCUniAugsburg,648,34.6666666666667,-0.516327248415652,15
MMCUniAugsburg,511,30.2,-0.680117454810341,15
MMCUniAugsburg,347,27.0666666666667,-0.811017922034989,15
MMCUniAugsburg,503,36.8666666666667,-0.545675691563531,15
MMCUniAugsburg,264,50.8,-0.134492538995192,15
MMCUniAugsburg,854,66.4,0.250584212714177,15
MMCUniAugsburg,1232,42.8,-0.298464278009744,15
MMCUniAugsburg,245,40.8666666666667,-0.362198079601441,15
MMCUniAugsburg,469,43.6,-0.336393782722885,15
MMCUniAugsburg,1442,54.8,0.018018468172701,15
MMCUniAugsburg,916,58.2,0.134866683461223,15
MMCUniAugsburg,287,21.3333333333333,-1.05302537512605,15
MMCUniAugsburg,119,48.5333333333333,-0.167382093325974,15
MMCUniAugsburg,60,22.4736842105263,-0.91878099046468,19
MMCUniAugsburg,1386,37.4210526315789,-0.488969967557739,19
MMCUniAugsburg,1256,22.4736842105263,-0.898535087112774,19
MMCUniAugsburg,1220,47.1052631578947,-0.220703302610811,19
MMCUniAugsburg,193,84.0526315789474,0.781340779530027,19
MMCUniAugsburg,1343,28.6315789473684,-0.733679046560714,19
MMCUniAugsburg,1277,21.3684210526316,-0.965997555302958,19
MMCUniAugsburg,771,46.1578947368421,-0.261388117138995,19
MMCUniAugsburg,1274,46.4210526315789,-0.213253730554002,19
MMCUniAugsburg,682,40.3684210526316,-0.381604368161024,19
MMCUniAugsburg,77,46.8421052631579,-0.177056808943872,19
MMCUniAugsburg,1315,44,-0.25407254423117,19
MMCUniAugsburg,696,39.5263157894737,-0.399963415746694,19
MMCUniAugsburg,1189,6.8125,-1.20197064358947,16
MMCUniAugsburg,537,13.4375,-1.00818595397197,16
MMCUniAugsburg,372,35.1875,-0.431645984966312,16
MMCUniAugsburg,6,44.4375,-0.189690654938785,16
MMCUniAugsburg,632,17,-0.906921354015486,16
MMCUniAugsburg,289,46.3125,-0.126065139878863,16
MMCUniAugsburg,236,20.0625,-0.778687543953189,32
MMCUniAugsburg,530,48.375,-0.111219916391736,16
MMCUniAugsburg,71,17.625,-0.82945801743023,16
MMCUniAugsburg,543,17.375,-0.831239297473075,16
MMCUniAugsburg,1357,29.5,-0.495394106874918,16
MMCUniAugsburg,1255,39.5,-0.298619657197102,16
MMCUniAugsburg,883,23.9375,-0.612641930016889,16
MMCUniAugsburg,35,32.5625,-0.516967377254651,32
MMCUniAugsburg,873,87.3125,1.01574850593081,16
MMCUniAugsburg,520,28.78125,-0.561778328716686,32
MMCUniAugsburg,946,36.75,-0.338969365126778,16
MMCUniAugsburg,1394,26.9375,-0.603649192650879,16
MMCUniAugsburg,745,37.4375,-0.318647103111891,16
MMCUniAugsburg,930,38.375,-0.22515074944255,16
MMCUniAugsburg,695,42.0625,-0.261884911695853,16
MMCUniAugsburg,526,45.1875,-0.152632963677929,16
MMCUniAugsburg,1595,47.125,-0.029843078220889,16
MMCUniAugsburg,81,41.125,-0.228220224322242,16
MMCUniAugsburg,1373,44.375,-0.179087452733161,16
MMCUniAugsburg,471,39.75,-0.306918195456618,32
MMCUniAugsburg,875,37.875,-0.333831894277014,16
MMCUniAugsburg,906,35.625,-0.43940721553589,16
MMCUniAugsburg,105,58.1875,0.302633773371254,16
MMCUniAugsburg,230,65.875,0.45028598058067,16
MMCUniAugsburg,1423,34.4,-0.385014072533038,15
MMCUniAugsburg,66,35.9333333333333,-0.351147526586101,15
MMCUniAugsburg,1457,44.4666666666667,-0.035191886069219,15
MMCUniAugsburg,911,24.4,-0.677331565464475,15
MMCUniAugsburg,30,38.4666666666667,-0.24793611291293,15
MMCUniAugsburg,340,34.6666666666667,-0.447608247271638,15
MMCUniAugsburg,1114,60.8666666666667,0.336832354009338,15
MMCUniAugsburg,701,29.2666666666667,-0.540923994390795,15
KsLab_NUT,1062,34.7058823529412,-0.563929247720844,17
KsLab_NUT,223,37.5294117647059,-0.446293485283414,17
KsLab_NUT,710,28.5294117647059,-0.631051933888369,17
KsLab_NUT,1301,42.1764705882353,-0.189803839292331,17
KsLab_NUT,822,34.2941176470588,-0.447071731537313,34
KsLab_NUT,1619,30.4705882352941,-0.556844304207125,17
KsLab_NUT,1129,35.5882352941176,-0.495239254326271,17
KsLab_NUT,185,30.2352941176471,-0.608425013512022,17
KsLab_NUT,1672,27.1176470588235,-0.698776138970829,17
KsLab_NUT,1174,40.5882352941176,-0.30626454521792,34
KsLab_NUT,1283,39.4117647058824,-0.325064899140168,17
KsLab_NUT,528,29.1176470588235,-0.656583488253774,17
KsLab_NUT,831,33.7647058823529,-0.48456035412033,17
KsLab_NUT,1648,40.5294117647059,-0.336252636684722,17
KsLab_NUT,658,33.4705882352941,-0.833536749413598,17
KsLab_NUT,823,31.8823529411765,-0.674596378624057,17
KsLab_NUT,723,42.1176470588235,-0.247946764752933,17
KsLab_NUT,1148,47.6470588235294,-0.126107540279706,17
KsLab_NUT,866,40.2105263157895,-0.482442226567511,19
KsLab_NUT,713,26.5789473684211,-0.857997267932646,19
KsLab_NUT,1438,43.4736842105263,-0.31022761444205,19
KsLab_NUT,819,43.0526315789474,-0.304386716427895,19
KsLab_NUT,1237,26.1578947368421,-0.893502224143296,19
KsLab_NUT,233,45.8947368421053,-0.279205859914496,19
KsLab_NUT,602,33,-0.52371663312946,19
KsLab_NUT,427,44.2105263157895,-0.323652277470397,19
KsLab_NUT,509,36.5789473684211,-0.450393765146516,19
KsLab_NUT,1111,40,-0.321958915516751,19
KsLab_NUT,513,37.0526315789474,-0.449858577510219,19
KsLab_NUT,593,48.8947368421053,-0.152935377521394,19
KsLab_NUT,1382,37.7368421052632,-0.479712758205808,19
KsLab_NUT,1587,43.3529411764706,-0.413513416922933,17
KsLab_NUT,1579,41.2352941176471,-0.40268596881918,17
KsLab_NUT,1307,36.8235294117647,-0.632766143733788,17
KsLab_NUT,1143,45.0588235294118,-0.237001936921067,17
KsLab_NUT,730,29.5294117647059,-0.810579153321774,17
KsLab_NUT,1239,39.2941176470588,-0.480264172838815,17
KsLab_NUT,1134,55.3529411764706,-0.049940242444378,17
KsLab_NUT,419,35.5882352941176,-0.599779337520262,17
KsLab_NUT,1693,43.7058823529412,-0.278034776882992,17
KsLab_NUT,839,51.1764705882353,-0.120294208323772,17
KsLab_NUT,1304,32.1764705882353,-0.692495752672299,17
KsLab_NUT,130,29.5294117647059,-0.773095724983082,17
KsLab_NUT,1415,57.5882352941176,-0.076283973324206,17
KsLab_NUT,205,29.9411764705882,-0.816387473380929,17
KsLab_NUT,304,32.1176470588235,-0.714516120958564,17
KsLab_NUT,317,30.5294117647059,-0.736066957768718,17
KsLab_NUT,186,21.4117647058824,-0.697102162394345,17
KsLab_NUT,65,37.0588235294118,-0.291382422366311,17
KsLab_NUT,747,18.3529411764706,-0.895712476537028,17
KsLab_NUT,772,38.2352941176471,-0.305977127071442,17
KsLab_NUT,295,44.0588235294118,-0.215427319916737,17
KsLab_NUT,1664,28.6470588235294,-0.56349700922638,17
KsLab_NUT,1245,40.4705882352941,-0.398902834268192,17
KsLab_NUT,1593,31.2941176470588,-0.481845613134911,17
KsLab_NUT,365,55.2941176470588,0.075845119764443,17
KsLab_NUT,1509,37.7647058823529,-0.359511765748482,17
KsLab_NUT,897,28.2352941176471,-0.702576925832027,17
KsLab_NUT,1281,53.0588235294118,-0.03908387730222,34
KsLab_NUT,804,53.3529411764706,0.047107268814573,17
KsLab_NUT,683,30.1176470588235,-0.601689364298272,17
KsLab_NUT,1287,71.3888888888889,0.023720745212889,18
KsLab_NUT,672,41.8888888888889,-0.565037715402531,18
KsLab_NUT,1044,45.4444444444444,-0.534825765421201,18
KsLab_NUT,1637,45.4444444444444,-0.44042307289665,18
KsLab_NUT,292,50.0555555555556,-0.349192096410637,18
KsLab_NUT,622,61.1111111111111,0.020634543128833,18
KsLab_NUT,965,42.6111111111111,-0.559670507076686,18
KsLab_NUT,1246,43.5,-0.445775156505078,18
KsLab_NUT,386,49.8333333333333,-0.545266136821576,18
KsLab_NUT,1229,46.8333333333333,-0.390851170129724,18
KsLab_NUT,1464,54.8333333333333,-0.149132600713782,18
KsLab_NUT,1398,49.5,-0.346357023763503,18
KsLab_NUT,418,70.6666666666667,0.36014716335127,18
KsLab_NUT,81,53.0555555555556,-0.251328680413854,18
KsLab_NUT,1206,64.4444444444444,0.130653589225906,18
KsLab_NUT,1379,47.6111111111111,-0.337408000416466,18
KsLab_NUT,455,47.1666666666667,-0.135439014281958,18
KsLab_NUT,1352,27.2777777777778,-0.699110478719822,18
KsLab_NUT,1634,44.0555555555556,-0.20122849236807,18
KsLab_NUT,272,25,-0.770272683510498,18
KsLab_NUT,260,59,0.200487200093748,18
KsLab_NUT,1288,69.7777777777778,0.44816171244545,18
KsLab_NUT,775,54.2222222222222,0.055788192480379,18
KsLab_NUT,994,20.1111111111111,-0.879443142067441,18
KsLab_NUT,1369,29.4444444444444,-0.582412703022437,18
KsLab_NUT,1430,26.6111111111111,-0.667485810390816,18
KsLab_NUT,41,34.875,-0.481457047608499,16
KsLab_NUT,303,41.5,-0.347203056806109,16
KsLab_NUT,852,57.3125,0.166419440422283,16
KsLab_NUT,575,38.75,-0.391681910591922,16
KsLab_NUT,1529,34.75,-0.514820184667115,16
KsLab_NUT,1235,31,-0.605900401289467,16
KsLab_NUT,523,41,-0.332549099825678,16
KsLab_NUT,43,49.1875,-0.089957598756049,16
KsLab_NUT,143,32.5625,-0.548855709663092,16
KsLab_NUT,909,32.75,-0.543625435746766,16
KsLab_NUT,979,45.3125,-0.222959255295593,16
KsLab_NUT,818,13.4210526315789,-1.15568354862132,19
KsLab_NUT,1131,36.0526315789474,-0.494406949688136,19
KsLab_NUT,745,42.6842105263158,-0.455821729925509,19
KsLab_NUT,1063,37.0526315789474,-0.443953551185443,19
KsLab_NUT,914,21.2631578947368,-0.87579779171842,19
KsLab_NUT,40,65.9473684210526,0.296697037127144,19
KsLab_NUT,1497,24.8947368421053,-0.746021759620482,19
KsLab_NUT,311,28.7894736842105,-0.659220584258312,19
KsLab_NUT,269,41.2105263157895,-0.290777985768264,19
KsLab_NUT,39,51.7368421052632,0.039286332894039,19
KsLab_NUT,1216,33.2631578947368,-0.562497432562297,19
KsLab_NUT,78,27.3125,-0.815643820294095,16
KsLab_NUT,572,35.75,-0.602063607055957,16
KsLab_NUT,290,50.5,-0.089441651723153,16
KsLab_NUT,1632,80.5625,0.767643186080736,16
KsLab_NUT,1056,36.125,-0.503904711625162,16
KsLab_NUT,1571,37.5625,-0.507028658178907,16
KsLab_NUT,1635,32.9375,-0.641969343084057,32
KsLab_NUT,556,49.0625,-0.113425945605726,16
KsLab_NUT,655,50.875,-0.156799078259914,16
KsLab_NUT,498,49.4375,-0.137300441316573,16
KsLab_NUT,973,59.375,0.172532267413791,16
KsLab_NUT,603,51.5625,-0.012705877988183,16
KsLab_NUT,1542,22,-0.747926462419047,38
KsLab_NUT,906,87.7368421052632,1.07028112079615,19
KsLab_NUT,80,25.9473684210526,-0.650461756879346,19
KsLab_NUT,1059,37.4210526315789,-0.347342167364694,19
KsLab_NUT,148,73.6315789473684,0.629486920400086,19
KsLab_NUT,1654,33.3157894736842,-0.41480634778797,19
KsLab_NUT,778,36.6315789473684,-0.355868240880926,19
KsLab_NUT,1089,36.5263157894737,-0.393236200191032,19
KsLab_NUT,916,16.4210526315789,-0.934821635677856,19
KsLab_NUT,539,29.9473684210526,-0.510359978109365,19
KsLab_NUT,408,37.5263157894737,-0.331814080113717,19
KsLab_NUT,1690,30.8947368421053,-0.484975027516727,19
KsLab_NUT,103,72.5789473684211,0.625398421331248,19
KsLab_NUT,1653,67.7058823529412,0.277279284156911,17
KsLab_NUT,1519,46,-0.335042763810655,17
KsLab_NUT,354,76.8235294117647,0.546315340389247,17
KsLab_NUT,765,39.7058823529412,-0.512064490009364,17
KsLab_NUT,1598,30.3235294117647,-0.811925963145472,34
KsLab_NUT,1080,37.3529411764706,-0.572379057343652,17
KsLab_NUT,1116,61.9411764705882,0.022748525727138,17
KsLab_NUT,729,27.5333333333333,-0.988749403773802,15
KsLab_NUT,347,57.3333333333333,-0.030895749421228,15
KsLab_NUT,83,27.4,-0.790077917804013,15
KsLab_NUT,1577,40.0333333333333,-0.411606135510118,30
KsLab_NUT,1615,37.1333333333333,-0.511087769748447,15
KsLab_NUT,704,63.9333333333333,0.257128869155524,15
KsLab_NUT,1240,40.8666666666667,-0.380175946442123,15
KsLab_NUT,797,37.8666666666667,-0.455131161593555,15
KsLab_NUT,74,34.8235294117647,-0.518991744233111,17
KsLab_NUT,255,24.0882352941176,-0.843989715594302,34
KsLab_NUT,1018,34.4411764705882,-0.544102430268032,34
KsLab_NUT,953,17.5294117647059,-1.01467025128121,17
KsLab_NUT,1282,44,-0.511625434938041,17
KsLab_NUT,100,25.9411764705882,-0.814841611562752,17
KsLab_NUT,761,51.1764705882353,-0.091550213035455,17
KsLab_NUT,2,25.8823529411765,-0.719582293383939,17
KsLab_NUT,1016,26.5294117647059,-0.713953210699798,17
KsLab_NUT,684,25,-0.820159303005772,17
KsLab_NUT,212,30.1176470588235,-0.648923549749045,17
KsLab_NUT,1647,31.8235294117647,-0.582803290469189,17
KsLab_NUT,55,29.5882352941176,-0.660252781654702,17
KsLab_NUT,748,32.4117647058824,-0.5831287045108,17
KsLab_NUT,330,35.2,-0.59202051226239,15
KsLab_NUT,1337,45.3333333333333,-0.159069906150309,15
KsLab_NUT,712,36.8666666666667,-0.488998855250631,15
KsLab_NUT,923,38.0666666666667,-0.266600032706399,15
KsLab_NUT,1646,37.2666666666667,-0.475660840148579,15
KsLab_NUT,851,53.2,0.037496241369907,15
KsLab_NUT,1088,28.7333333333333,-0.809320574347104,15
KsLab_NUT,1456,44,-0.290162640117848,15
KsLab_NUT,737,28.6,-0.825786004747357,15
KsLab_NUT,1262,37.0666666666667,-0.591054590032372,15
KsLab_NUT,458,36.4666666666667,-0.487572833640351,15
KsLab_NUT,1224,63.6666666666667,0.183452923942093,15
KsLab_NUT,607,35.6,-0.566920798472014,15
KsLab_NUT,1261,50.2666666666667,-0.104555539536993,15
KsLab_NUT,1051,34.5333333333333,-0.60100792771573,15
KsLab_NUT,75,34.9333333333333,-0.643617976127953,15
KsLab_NUT,344,48.4,-0.317456990496887,15
KsLab_NUT,669,52.6666666666667,0.017038449002673,15
KsLab_NUT,931,30.0666666666667,-0.530954127854298,15
KsLab_NUT,766,9.73333333333333,-1.19610565932165,15
KsLab_NUT,1387,22.8666666666667,-0.736085278998456,15
KsLab_NUT,1507,27.4,-0.674886089898889,15
KsLab_NUT,1629,30.6,-0.51415095759514,15
KsLab_NUT,1443,26.3333333333333,-0.64292921591958,30
KsLab_NUT,322,26.6,-0.607490993076293,15
KsLab_NUT,314,46.6666666666667,-0.069250819762919,15
KsLab_NUT,218,29,-0.519233732030338,15
KsLab_NUT,640,31.4,-0.485170813083778,15
KsLab_NUT,1311,36.2,-0.305557944704024,15
KsLab_NUT,794,31.7333333333333,-0.527262340474465,15
KsLab_NUT,1098,22.1333333333333,-0.835056834735411,15
KsLab_NUT,422,28.0666666666667,-0.66392598910779,15
KsLab_NUT,95,34,-0.38327918308239,15
KsLab_NUT,141,37.2,-0.387734305736,15
KsLab_NUT,833,28.6666666666667,-0.585707325019489,15
KsLab_NUT,1638,40.3888888888889,-0.451097475235094,18
KsLab_NUT,991,64.2222222222222,0.238521464806799,18
KsLab_NUT,477,42.1111111111111,-0.331200849874115,18
KsLab_NUT,495,63.7777777777778,0.28481902318305,18
KsLab_NUT,1276,32.2777777777778,-0.607296153822559,18
KsLab_NUT,611,51.8333333333333,0.006359966671469,18
KsLab_NUT,1356,32.5,-0.638151639235241,18
KsLab_NUT,16,31.5555555555556,-0.667262352237691,18
KsLab_NUT,1187,23.3888888888889,-0.868206800449115,18
KsLab_NUT,958,41.5555555555556,-0.349748541341211,18
KsLab_NUT,750,26.7777777777778,-0.704248217306163,18
KsLab_NUT,1115,36.1111111111111,-0.47392418743221,18
KsLab_NUT,1133,26.6666666666667,-0.772651581133593,18
KsLab_NUT,335,23.8888888888889,-0.884785410689706,18
KsLab_NUT,703,47.2777777777778,-0.152479811658086,18
KsLab_NUT,301,32.2222222222222,-0.634312776543124,18
KsLab_NUT,1326,38.0555555555556,-0.402928791760785,18
KsLab_NUT,76,31,-0.621366437716477,18
KsLab_NUT,1558,50.1666666666667,-0.027582617968487,36
KsLab_NUT,147,34.6666666666667,-0.509406277531384,18
KsLab_NUT,888,58.2333333333333,0.143697610940894,30
KsLab_NUT,1190,36.9333333333333,-0.443672273867901,15
KsLab_NUT,1313,73.6666666666667,0.637066896930834,15
KsLab_NUT,982,27.7333333333333,-0.759221223223526,15
KsLab_NUT,551,31.1333333333333,-0.748289267770211,15
KsLab_NUT,1272,33.4,-0.543904249012747,15
KsLab_NUT,377,36,-0.524058403218954,15
KsLab_NUT,1020,36.8,-0.491111730077487,15
KsLab_NUT,488,43.1333333333333,-0.370080406245516,15
KsLab_NUT,1546,45.0666666666667,-0.256487224556851,15
KsLab_NUT,187,66.1333333333333,0.40413570659916,15
KsLab_NUT,274,39,-0.433370982982844,15
KsLab_NUT,1633,33.8,-0.688422403991827,15
KsLab_NUT,715,15.3684210526316,-1.13236604042374,19
KsLab_NUT,405,50.5263157894737,-0.122868559234186,19
KsLab_NUT,86,64,0.269198905906395,19
KsLab_NUT,849,60.8947368421053,0.182479705580632,19
KsLab_NUT,94,31.5263157894737,-0.633865060791611,19
KsLab_NUT,5,21.6842105263158,-0.954163544364583,19
KsLab_NUT,901,26.5789473684211,-0.801896346625141,19
KsLab_NUT,776,26,-0.788221497410789,19
KsLab_NUT,285,36.7894736842105,-0.467672242726108,19
KsLab_NUT,974,47.7105263157895,-0.173907163624099,38
KsLab_NUT,1552,34.0526315789474,-0.534454655095631,19
KsLab_NUT,1140,54.0526315789474,0.051415530896136,19
KsLab_NUT,1186,48.3157894736842,-0.12984349971206,19
KsLab_NUT,1058,37.8421052631579,-0.430892034827299,19
KsLab_NUT,985,32.6842105263158,-0.575901347455827,19
KsLab_NUT,805,69.4210526315789,0.44146994203179,19
KsLab_NUT,1461,29.7894736842105,-0.715047750783431,19
KsLab_NUT,1322,20.9473684210526,-0.964522699701587,19
KsLab_NUT,631,51.1052631578947,-0.141259345686192,19
KsLab_NUT,1671,21.0625,-0.778407442019438,16
KsLab_NUT,907,43.5,-0.240540249236277,16
KsLab_NUT,520,17.25,-0.883714664352336,16
KsLab_NUT,484,21.09375,-0.75075729170068,32
KsLab_NUT,1597,31.4375,-0.504706021056465,16
KsLab_NUT,1002,31.5625,-0.511006640607044,16
KsLab_NUT,1360,22.5625,-0.74088623366477,16
KsLab_NUT,1218,23.125,-0.661973263312579,16
KsLab_NUT,1010,32.03125,-0.473594148254687,32
KsLab_NUT,959,24.3125,-0.639304046475827,16
KsLab_NUT,1682,24.375,-0.679204819119783,16
KsLab_NUT,654,18.4375,-0.816302911028548,16
KsLab_NUT,420,35.25,-0.355607402067478,16
KsLab_NUT,70,27,-0.607590624946009,16
KsLab_NUT,884,11.8125,-1.16275952489932,16
KsLab_NUT,988,31.875,-0.41147670709404,16
KsLab_NUT,399,49.3125,-0.018208208823913,16
KsLab_NUT,273,35.8125,-0.382511722525721,16
KsLab_NUT,624,37.25,-0.286409182825898,16
KsLab_NUT,1309,33.0625,-0.473638186596128,16
KsLab_NUT,478,25.4375,-0.650686125318367,16
KsLab_NUT,306,24.25,-0.693210928830674,16
KsLab_NUT,373,37.375,-0.297477518106926,16
KsLab_NUT,830,40.1875,-0.323551487592347,16
KsLab_NUT,578,33.3333333333333,-0.423874886443821,15
KsLab_NUT,1339,30.0333333333333,-0.481473819371052,30
KsLab_NUT,1299,54.7666666666667,0.161508027924506,30
KsLab_NUT,1021,28.0666666666667,-0.557338789008104,15
KsLab_NUT,298,36.6,-0.387230209203045,15
KsLab_NUT,459,32.7333333333333,-0.424181521271933,15
KsLab_NUT,204,35.8666666666667,-0.284558782528808,15
KsLab_NUT,349,22.8333333333333,-0.70150656003718,30
KsLab_NUT,949,30.4666666666667,-0.421084303222991,15
RUC_AIM3,1439,50.8235294117647,-0.067585071230796,17
RUC_AIM3,72,36.9705882352941,-0.449256851710698,34
RUC_AIM3,350,51.9411764705882,-0.051099596832783,17
RUC_AIM3,242,70.2352941176471,0.468441617816965,17
RUC_AIM3,1201,59,0.170567960419426,17
RUC_AIM3,1254,42.3529411764706,-0.289990696158977,17
RUC_AIM3,128,65.1764705882353,0.28661356970528,17
RUC_AIM3,624,84.9411764705882,0.903490680334932,17
RUC_AIM3,250,92,1.13819416139614,17
RUC_AIM3,385,67.5882352941177,0.179464190862423,17
RUC_AIM3,286,82.2941176470588,0.765522414078856,17
RUC_AIM3,336,91.4705882352941,1.13976629837026,17
RUC_AIM3,938,78.8823529411765,0.732437831678879,17
RUC_AIM3,904,81.4117647058823,0.901469335730261,17
RUC_AIM3,248,76.8823529411765,0.726353643769493,17
RUC_AIM3,1659,77.8235294117647,0.695138719572546,17
RUC_AIM3,1538,87.9473684210526,1.01652108034263,19
RUC_AIM3,1124,67.7368421052632,0.256342640816695,19
RUC_AIM3,1286,60.8947368421053,0.200289481491033,19
RUC_AIM3,898,78.7368421052632,0.567640089831438,19
RUC_AIM3,1335,31.1578947368421,-0.740654083530511,19
RUC_AIM3,1161,82,0.722447407589697,19
RUC_AIM3,876,40.4210526315789,-0.428483619600569,19
RUC_AIM3,881,73.3157894736842,0.482750871291204,38
RUC_AIM3,581,67.3421052631579,0.420580995741229,38
RUC_AIM3,1112,70,0.351298944520963,19
RUC_AIM3,415,75.6842105263158,0.593541446962508,19
RUC_AIM3,1275,85.7368421052632,0.798859200043275,19
RUC_AIM3,768,84.8947368421053,0.839559569059354,19
RUC_AIM3,819,55.6315789473684,0.009439371233895,19
RUC_AIM3,1633,53.3529411764706,-0.088160801418931,17
RUC_AIM3,1135,68.7647058823529,0.345863795143298,17
RUC_AIM3,893,84.9411764705882,0.827242404601118,17
RUC_AIM3,65,88.9411764705882,0.93547096604283,17
RUC_AIM3,262,83.9411764705882,0.808581653470341,17
RUC_AIM3,1489,81.7058823529412,0.697468498060759,17
RUC_AIM3,261,73.7647058823529,0.450199842500858,17
RUC_AIM3,414,69.7647058823529,0.364593429738088,17
RUC_AIM3,1042,86.5294117647059,0.862442073175213,17
RUC_AIM3,1689,93.3529411764706,1.09209318698082,17
RUC_AIM3,1510,67.3529411764706,0.286016849484352,17
RUC_AIM3,1027,90.1176470588235,0.968617818593215,17
RUC_AIM3,1533,87.7058823529412,0.904122721755055,17
RUC_AIM3,1148,26.4705882352941,-0.665978444527568,17
RUC_AIM3,534,45.7647058823529,-0.076322597295402,17
RUC_AIM3,961,84.4705882352941,0.896354544457113,17
RUC_AIM3,384,87.5294117647059,1.04520372411341,17
RUC_AIM3,576,43.2941176470588,-0.162566828612247,17
RUC_AIM3,1376,92.7058823529412,1.09243122884575,17
RUC_AIM3,45,68.2352941176471,0.474402343826741,17
RUC_AIM3,1322,74.5294117647059,0.579466347444326,17
RUC_AIM3,434,85.7222222222222,0.677959746135359,18
RUC_AIM3,847,90.1666666666667,0.907262450586778,18
RUC_AIM3,40,90.1666666666667,0.861791568375976,18
RUC_AIM3,1294,69.6666666666667,0.090586854496282,18
RUC_AIM3,222,65.2777777777778,0.113318808388265,18
RUC_AIM3,877,55.2777777777778,-0.163313848725911,18
RUC_AIM3,515,87.7777777777778,0.853712740724111,18
RUC_AIM3,89,75.4444444444444,0.417514521564877,18
RUC_AIM3,765,88.2777777777778,0.800939291391054,18
RUC_AIM3,126,82.0555555555556,0.551078443901268,18
RUC_AIM3,736,69.8333333333333,0.250161430236054,18
RUC_AIM3,138,67.4444444444444,0.467629922395257,18
RUC_AIM3,927,67.3888888888889,0.414861204947634,18
RUC_AIM3,358,64.5,0.353413791643249,18
RUC_AIM3,1591,76.2777777777778,0.637161242763837,18
RUC_AIM3,1153,85,0.865354281116139,18
RUC_AIM3,110,62.5555555555556,0.3165601003292,18
RUC_AIM3,280,43.1666666666667,-0.234447121398634,18
RUC_AIM3,1006,53.7222222222222,0.019980546512534,18
RUC_AIM3,980,37.6666666666667,-0.382939917891427,18
RUC_AIM3,1495,77.4444444444444,0.695163921982149,18
RUC_AIM3,583,39.1111111111111,-0.299671618548607,18
RUC_AIM3,64,95.3333333333333,1.16271708591367,18
RUC_AIM3,236,86.8333333333333,0.941656170272263,18
RUC_AIM3,21,78.5625,0.69417250972288,16
RUC_AIM3,1130,80,0.744585157131358,16
RUC_AIM3,913,83.875,0.851731536978554,16
RUC_AIM3,387,65.25,0.347812645148162,16
RUC_AIM3,849,56.625,0.14128110945129,16
RUC_AIM3,800,81.75,0.822836157479379,16
RUC_AIM3,1245,35.5625,-0.468119857400495,16
RUC_AIM3,1467,71.9375,0.547298625586805,16
RUC_AIM3,853,72.15625,0.556669115415486,32
RUC_AIM3,133,51.75,-0.013128038575416,16
RUC_AIM3,273,43.25,-0.289186751695911,16
RUC_AIM3,486,62,0.22690849688619,16
RUC_AIM3,1128,89.75,1.05261418970103,16
RUC_AIM3,224,85.1875,0.92136306722592,16
RUC_AIM3,536,89.6875,1.0402666540987,16
RUC_AIM3,510,71.375,0.499226949696393,32
RUC_AIM3,209,47.6875,-0.127673287858529,16
RUC_AIM3,1428,69.125,0.456854351217519,16
RUC_AIM3,1097,66.25,0.352820802572111,16
RUC_AIM3,606,59.4375,0.179914129879025,16
RUC_AIM3,674,71.875,0.55321638967205,16
RUC_AIM3,444,84.3125,0.883282490676489,16
RUC_AIM3,1681,75.5789473684211,0.57239957216333,19
RUC_AIM3,1447,72.3684210526316,0.513014155833725,19
RUC_AIM3,450,68.4210526315789,0.395055140041557,19
RUC_AIM3,1357,47.9473684210526,-0.111186401202723,19
RUC_AIM3,260,89.2105263157895,1.0321066556356,19
RUC_AIM3,615,41.1052631578947,-0.289645376138545,19
RUC_AIM3,407,43.9473684210526,-0.210768263955963,19
RUC_AIM3,283,77.3157894736842,0.648927703582806,19
RUC_AIM3,442,37.7894736842105,-0.297660874265749,19
RUC_AIM3,1015,53.7368421052632,-0.053234295063429,19
RUC_AIM3,454,89.8421052631579,0.939108803545273,19
RUC_AIM3,1390,76.6315789473684,0.630918302528177,19
RUC_AIM3,509,53.7368421052632,0.11468243643325,19
RUC_AIM3,513,43.6315789473684,-0.225285454780469,19
RUC_AIM3,416,84.1052631578947,0.894628451329402,19
RUC_AIM3,1679,87.8947368421053,0.991941828135022,19
RUC_AIM3,1497,63.75,0.211642975871531,16
RUC_AIM3,180,42.1875,-0.330662549714382,16
RUC_AIM3,1142,71.25,0.417279822557081,16
RUC_AIM3,573,84.5625,0.845592062988875,16
RUC_AIM3,15,58.1875,0.004366697903626,16
RUC_AIM3,1355,76.625,0.608811314189534,16
RUC_AIM3,1298,43.875,-0.293864487063671,16
RUC_AIM3,1004,59.0625,0.077630347266357,16
RUC_AIM3,604,53.5,-0.045323951384794,16
RUC_AIM3,887,90.875,1.03928925261658,16
RUC_AIM3,1202,76.9375,0.597187939298338,16
RUC_AIM3,325,95.1875,1.15759890120161,16
RUC_AIM3,347,38.0625,-0.525491714453164,16
RUC_AIM3,1330,53.875,-0.060009047973781,16
RUC_AIM3,1192,72.4210526315789,0.555268144453718,19
RUC_AIM3,652,81.2894736842105,0.876813113650787,38
RUC_AIM3,198,56.6842105263158,0.1211525154975,19
RUC_AIM3,1378,60.1052631578947,0.257897512470045,19
RUC_AIM3,1262,65.8947368421053,0.430720916625557,19
RUC_AIM3,955,89.2631578947368,1.09917179801652,19
RUC_AIM3,731,60.7368421052632,0.275032763042118,19
RUC_AIM3,888,59.5263157894737,0.318087086133794,19
RUC_AIM3,983,41.3421052631579,-0.208223334938907,38
RUC_AIM3,1433,81.8235294117647,0.779022316937372,17
RUC_AIM3,1149,51.2352941176471,-0.194361734543996,17
RUC_AIM3,952,57.7647058823529,-0.047658001234128,17
RUC_AIM3,823,50.8823529411765,-0.254056608202401,17
RUC_AIM3,1537,61.8823529411765,0.131470421462515,17
RUC_AIM3,837,78.2941176470588,0.56385426256141,17
RUC_AIM3,425,71.6470588235294,0.46908923072016,17
RUC_AIM3,109,82.1176470588235,0.751667203088887,17
RUC_AIM3,18,62,0.103724949759969,17
RUC_AIM3,944,64.5333333333333,0.232214394192463,15
RUC_AIM3,1356,57.8,-0.072453883460129,15
RUC_AIM3,195,67.5333333333333,0.429208184334638,15
RUC_AIM3,1647,57.2666666666667,0.089000513982003,15
RUC_AIM3,1200,82.6666666666667,0.792623551853508,15
RUC_AIM3,649,71.9333333333333,0.516295224919319,15
RUC_AIM3,976,44.4666666666667,-0.235512382334333,15
RUC_AIM3,1546,61.4,0.185048219286689,15
RUC_AIM3,1121,90.7647058823529,1.02258547697917,17
RUC_AIM3,1485,75.1176470588235,0.606010566759926,17
RUC_AIM3,592,92.4705882352941,0.889274541988532,17
RUC_AIM3,1551,84.9411764705882,0.683179715947219,17
RUC_AIM3,1559,77.4705882352941,0.493744256514133,17
RUC_AIM3,903,68.0588235294118,0.356071070324326,17
RUC_AIM3,1166,57.0588235294118,0.013870489950397,17
RUC_AIM3,956,89.7647058823529,0.867618056854319,17
RUC_AIM3,433,87,0.925189408387005,30
RUC_AIM3,55,78.8,0.687439063292881,15
RUC_AIM3,53,63.0666666666667,0.226456169975131,15
RUC_AIM3,352,75,0.437094923594042,15
RUC_AIM3,114,69,0.356216985383481,15
RUC_AIM3,1416,75.1333333333333,0.540896252412264,15
RUC_AIM3,462,65.5333333333333,0.234495614224156,15
RUC_AIM3,1219,37.2666666666667,-0.50787084400838,15
RUC_AIM3,212,71.8666666666667,0.348527286543527,15
RUC_AIM3,1215,87.1333333333333,0.840916342658345,15
RUC_AIM3,1462,80.6,0.788986106150361,15
RUC_AIM3,30,36.6,-0.729636355614545,15
RUC_AIM3,1289,73.2666666666667,0.651972368289596,15
RUC_AIM3,1307,63.4,0.293894889580361,15
RUC_AIM3,1636,65.1333333333333,0.33748439204969,15
RUC_AIM3,1360,66.0666666666667,0.377117039193062,15
RUC_AIM3,197,49.6666666666667,-0.021095966737727,15
RUC_AIM3,1589,64.2666666666667,0.385514609949812,15
RUC_AIM3,1634,82,0.891672415807908,30
RUC_AIM3,263,91.5333333333333,1.09822830809422,15
RUC_AIM3,1216,79.9333333333333,0.804348416899847,15
RUC_AIM3,87,83.5333333333333,0.861708886624855,15
RUC_AIM3,1393,89.4666666666667,1.07760607563064,15
RUC_AIM3,940,86.6,0.910637534060278,15
RUC_AIM3,1309,70.5333333333333,0.501745176580495,15
RUC_AIM3,1639,60.6666666666667,0.111773440813354,15
RUC_AIM3,328,82.1333333333333,0.820974049297639,15
RUC_AIM3,1089,69.3888888888889,0.27923740131524,18
RUC_AIM3,165,41.4444444444444,-0.442202959069802,18
RUC_AIM3,734,89.3333333333333,0.948360870078083,36
RUC_AIM3,1316,69.2777777777778,0.371219450633122,18
RUC_AIM3,1083,79.1666666666667,0.629641620348746,18
RUC_AIM3,1470,91.2777777777778,0.992041526582579,18
RUC_AIM3,1664,62.1666666666667,0.174537883322906,18
RUC_AIM3,1549,84.3888888888889,0.805589536717051,18
RUC_AIM3,1685,57.8888888888889,0.12019317194596,18
RUC_AIM3,8,67.3888888888889,0.383729940297047,18
RUC_AIM3,381,71.0555555555556,0.458086903375248,18
RUC_AIM3,864,93.9444444444444,1.06384337991143,18
RUC_AIM3,3,79.5,0.529936975784198,18
RUC_AIM3,108,90.1111111111111,0.923460254326899,18
RUC_AIM3,1235,92.4444444444444,1.02398941369087,18
RUC_AIM3,191,87.1666666666667,0.835223251800456,18
RUC_AIM3,73,84.8888888888889,0.796174635283555,18
RUC_AIM3,468,37.3333333333333,-0.465269460338065,18
RUC_AIM3,1137,64.4444444444444,0.420542426991492,18
RUC_AIM3,1051,81.0555555555556,0.913116913572145,18
RUC_AIM3,1479,77.4444444444444,0.858014395016244,18
RUC_AIM3,939,69.8333333333333,0.657994899214455,18
RUC_AIM3,715,49.9166666666667,-0.095814375313672,36
RUC_AIM3,852,62.2222222222222,0.287830713888295,36
RUC_AIM3,1396,83.8333333333333,0.966043570806622,18
RUC_AIM3,477,52.6111111111111,0.028175133861838,18
RUC_AIM3,297,79.0555555555556,0.801596971897899,18
RUC_AIM3,809,36.5555555555556,-0.460655018067011,18
RUC_AIM3,429,35.7777777777778,-0.525058462694663,18
RUC_AIM3,865,54.2222222222222,0.116808790261526,18
RUC_AIM3,395,67.4666666666667,0.394481700474808,15
RUC_AIM3,1020,58.6666666666667,0.146399060360495,15
RUC_AIM3,1645,51.5333333333333,-0.069576460044609,30
RUC_AIM3,959,80.3333333333333,0.901476388985632,15
RUC_AIM3,869,56,0.128047018895267,15
RUC_AIM3,907,73.2666666666667,0.534475803010358,15
RUC_AIM3,875,75,0.581110139364234,30
RUC_AIM3,330,50.4,-0.206063796929294,15
RUC_AIM3,1185,81.7333333333333,0.817935033206144,15
RUC_AIM3,996,56.4666666666667,0.116952672466565,15
RUC_AIM3,1249,46.5333333333333,-0.209787355205323,15
RUC_AIM3,844,68.8666666666667,0.385060052955495,15
RUC_AIM3,1561,80.7333333333333,0.769082024548743,15
RUC_AIM3,229,86.1333333333333,0.934450352673618,15
RUC_AIM3,1619,24.6315789473684,-0.85802465309503,19
RUC_AIM3,1490,57.4736842105263,-0.021101538059172,19
RUC_AIM3,1575,31.3684210526316,-0.649020467079147,19
RUC_AIM3,1299,91.1578947368421,1.01078551492746,38
RUC_AIM3,752,91.1578947368421,1.00188140548002,19
RUC_AIM3,531,68.7368421052632,0.406318608288725,19
RUC_AIM3,1342,42.9473684210526,-0.323593556491797,19
RUC_AIM3,343,93.1578947368421,1.06939164187586,19
RUC_AIM3,169,56.4210526315789,0.04248161461923,19
RUC_AIM3,695,53.6842105263158,0.013315220837473,19
RUC_AIM3,1003,95.7894736842105,1.14437145326115,19
RUC_AIM3,496,13.9375,-1.04775725108449,16
RUC_AIM3,1544,70.6875,0.4116096466395,16
RUC_AIM3,526,85.125,0.860836999936575,16
RUC_AIM3,523,52.5625,0.115084671263284,16
RUC_AIM3,1587,75.15625,0.682319146358164,32
RUC_AIM3,741,33.4375,-0.406593210685313,16
RUC_AIM3,69,78.4375,0.764353029303793,16
RUC_AIM3,689,59.1875,0.258295279338043,16
RUC_AIM3,1373,79.8125,0.804618478749289,16
RUC_AIM3,1584,39,-0.310577855361306,16
RUC_AIM3,851,87.4375,1.04109405561074,16
RUC_AIM3,900,74.875,0.630892678395492,16
RUC_AIM3,1328,64.375,0.337879546498795,16
RUC_AIM3,17,69.3125,0.442805257807186,16
RUC_AIM3,549,71.5,0.631659167512618,16
RUC_AIM3,464,91.4375,1.16668421902937,16
RUC_AIM3,942,60.3125,0.252886118523722,16
RUC_AIM3,562,68,0.482105624947857,16
RUC_AIM3,751,79.3333333333333,0.778915321835571,15
RUC_AIM3,1571,34.7333333333333,-0.399365432816096,15
RUC_AIM3,634,30,-0.580703913117828,15
RUC_AIM3,340,40.7333333333333,-0.190168019515499,15
RUC_AIM3,356,79.4,0.822342494955109,15
RUC_AIM3,1572,27.1333333333333,-0.512896213088206,15
RUC_AIM3,178,61.7333333333333,0.325580754603334,15
RUC_AIM3,687,64.3333333333333,0.414774844356138,15
RUC_AIM3,673,26.6666666666667,-0.619395978649667,15
RUC_AIM3,567,82.3333333333333,0.905933149651539,15
RUC_AIM3,1672,44.8666666666667,-0.087990385542549,15
RUC_AIM3,845,59.6666666666667,0.330690657949083,15
RUC_AIM3,390,66.4666666666667,0.469413272003716,15
RUC_AIM3,70,34.0666666666667,-0.327106017107375,15
RUC_AIM3,1234,19.2666666666667,-0.80418928536235,15
KU_ISPL,740,34.2647058823529,-0.502236578497301,34
KU_ISPL,1340,44.4705882352941,-0.204889152293707,17
KU_ISPL,736,26.1176470588235,-0.786479086332408,17
KU_ISPL,256,30.6470588235294,-0.641376089546321,17
KU_ISPL,272,39.4117647058824,-0.414809727095858,17
KU_ISPL,1471,39.5294117647059,-0.422093634105378,17
KU_ISPL,251,39.4117647058824,-0.352530488813031,17
KU_ISPL,1440,36.7058823529412,-0.448513015261016,17
KU_ISPL,1377,34.9411764705882,-0.490063199440395,17
KU_ISPL,897,30,-0.663926819607564,17
KU_ISPL,1335,17.2631578947368,-1.22210432887728,19
KU_ISPL,751,23.8421052631579,-0.965416103747703,19
KU_ISPL,307,37.8157894736842,-0.43757524740513,38
KU_ISPL,1384,35.4736842105263,-0.605810803083965,19
KU_ISPL,243,25.5789473684211,-0.909520837863266,19
KU_ISPL,677,29.7368421052632,-0.715091734134694,19
KU_ISPL,227,31.5263157894737,-0.54169824747368,19
KU_ISPL,194,24.3684210526316,-0.798068620001107,19
KU_ISPL,238,38.5789473684211,-0.460827064510283,19
KU_ISPL,1178,39.3684210526316,-0.467157997637718,19
KU_ISPL,921,39.1052631578947,-0.413231588281603,19
KU_ISPL,1238,33.8947368421053,-0.557675151796316,19
KU_ISPL,351,21.3157894736842,-0.945203573204308,19
KU_ISPL,1509,25.0526315789474,-0.825974076106596,19
KU_ISPL,477,36.0294117647059,-0.569264570740884,34
KU_ISPL,1191,36.9117647058824,-0.569307232412078,34
KU_ISPL,367,34.7647058823529,-0.57898621429052,17
KU_ISPL,562,31.1176470588235,-0.731465866491457,17
KU_ISPL,336,37.1176470588235,-0.526564722451952,17
KU_ISPL,108,37.5294117647059,-0.519788125426012,17
KU_ISPL,870,30.9411764705882,-0.737280813960859,17
KU_ISPL,558,33.1176470588235,-0.678223038530895,17
KU_ISPL,803,10.7647058823529,-1.08684874030545,17
KU_ISPL,1205,37.4117647058824,-0.463734207726642,17
KU_ISPL,180,31.0588235294118,-0.540816769501019,17
KU_ISPL,1562,19.4705882352941,-0.9729050688248,17
KU_ISPL,1540,20.1764705882353,-0.829860519146376,17
KU_ISPL,1348,38.2941176470588,-0.329083897387839,17
KU_ISPL,1031,43.2352941176471,-0.209262272907423,17
KU_ISPL,349,23.1764705882353,-0.834718919131746,17
KU_ISPL,1558,36.4705882352941,-0.442345281722663,17
KU_ISPL,868,17.5882352941176,-0.956814256457908,17
KU_ISPL,392,59.5294117647059,0.201595649312513,17
KU_ISPL,187,91.5294117647059,1.16282569068458,17
KU_ISPL,1318,32.9411764705882,-0.511304531023953,17
KU_ISPL,1514,33.2352941176471,-0.409053604420599,17
KU_ISPL,882,13.4117647058824,-1.02019361639771,17
KU_ISPL,1232,42.6111111111111,-0.68871030179644,18
KU_ISPL,287,43.1111111111111,-0.555314087221705,18
KU_ISPL,155,42.3333333333333,-0.629755663491804,18
KU_ISPL,1694,62.4444444444444,0.039844472306904,18
KU_ISPL,225,57.8888888888889,-0.095464735093117,18
KU_ISPL,678,58.8888888888889,-0.063720255561921,18
KU_ISPL,542,40.6111111111111,-0.671699368290127,18
KU_ISPL,511,40.6111111111111,-0.586203860457199,18
KU_ISPL,1070,48.7222222222222,-0.397809932429517,18
KU_ISPL,1310,48.1388888888889,-0.312843323032825,36
KU_ISPL,798,55.1666666666667,-0.27227095324122,18
KU_ISPL,541,43.5,-0.424098232769215,18
KU_ISPL,150,53.4444444444444,-0.130766296242204,18
KU_ISPL,1200,53.3888888888889,-0.202317140793744,18
KU_ISPL,176,32.5555555555556,-0.507490870583614,18
KU_ISPL,702,24.4444444444444,-0.752842554134519,18
KU_ISPL,1499,25.9444444444444,-0.696754071730068,18
KU_ISPL,219,36.9444444444444,-0.420375635348402,18
KU_ISPL,1482,17.3333333333333,-0.994129266184504,18
KU_ISPL,821,41.0555555555556,-0.259133564325955,18
KU_ISPL,815,31.9722222222222,-0.539401274462902,36
KU_ISPL,338,22.9444444444444,-0.768069081939347,18
KU_ISPL,703,23.7222222222222,-0.743620935823139,18
KU_ISPL,762,28.4444444444444,-0.65562855552244,18
KU_ISPL,38,25.5,-0.71987669103709,18
KU_ISPL,58,21.2222222222222,-0.852953986174841,18
KU_ISPL,1266,35.3125,-0.494607614459362,16
KU_ISPL,1456,34.6875,-0.521784766208562,16
KU_ISPL,283,38.8125,-0.384165297023827,16
KU_ISPL,959,40.125,-0.320479383507444,16
KU_ISPL,31,29.625,-0.613806027540632,16
KU_ISPL,1039,22.25,-0.856950013421651,16
KU_ISPL,1496,23.875,-0.822320712501258,16
KU_ISPL,296,32.8125,-0.545462560762764,16
KU_ISPL,76,53,0.029381501020504,16
KU_ISPL,87,20.6875,-0.913688602549583,16
KU_ISPL,292,36.4210526315789,-0.378547146609429,19
KU_ISPL,1601,33.7894736842105,-0.561153215221308,19
KU_ISPL,669,30.1578947368421,-0.586058096169634,19
KU_ISPL,772,49.1578947368421,-0.092018702870657,19
KU_ISPL,529,34.0526315789474,-0.526654244742627,19
KU_ISPL,1405,34.3157894736842,-0.508138401913057,19
KU_ISPL,1091,30.3157894736842,-0.5448824868702,19
KU_ISPL,1559,25.5263157894737,-0.757235370230457,19
KU_ISPL,620,33.5263157894737,-0.510595171229173,19
KU_ISPL,696,38.2631578947368,-0.300665441226828,19
KU_ISPL,712,38.8125,-0.475699756398393,16
KU_ISPL,1691,37.5625,-0.554552120761944,16
KU_ISPL,1093,31.3125,-0.72920679977535,16
KU_ISPL,1344,42.875,-0.339241265213187,16
KU_ISPL,850,46.125,-0.191885109464543,16
KU_ISPL,442,34.125,-0.58152053032438,16
KU_ISPL,401,42.3125,-0.325148183333525,16
KU_ISPL,1023,77.6875,0.649906771621849,16
KU_ISPL,519,49.6875,-0.111902934375585,16
KU_ISPL,136,43.125,-0.347934407289054,16
KU_ISPL,926,35.25,-0.581487257318975,16
KU_ISPL,213,50.1875,-0.101968240714629,16
KU_ISPL,1349,37.8125,-0.472474329646497,16
KU_ISPL,1150,51.875,-0.125781659785596,16
KU_ISPL,686,33.125,-0.638759189561979,16
KU_ISPL,695,39.1875,-0.443696699634638,16
KU_ISPL,79,25.2105263157895,-0.681295086984875,19
KU_ISPL,783,15.2631578947368,-0.961823235082099,19
KU_ISPL,919,19.1578947368421,-0.844409094521072,19
KU_ISPL,1626,28.3684210526316,-0.58994163039293,19
KU_ISPL,279,16.8947368421053,-0.90162876931378,19
KU_ISPL,368,30.3684210526316,-0.495535994577066,19
KU_ISPL,172,21.5789473684211,-0.788263508107206,19
KU_ISPL,62,28.6315789473684,-0.555042338198906,19
KU_ISPL,871,30.7368421052632,-0.538735012037547,19
KU_ISPL,396,23.8421052631579,-0.733140651786098,19
KU_ISPL,833,23.2105263157895,-0.708796975043068,19
KU_ISPL,1459,23.4736842105263,-0.690156203326827,19
KU_ISPL,1190,20.1052631578947,-0.812654241883514,19
KU_ISPL,1299,8.05882352941176,-1.52906593760025,17
KU_ISPL,32,45.2352941176471,-0.387844806595511,17
KU_ISPL,1080,24.0588235294118,-0.968443381799796,17
KU_ISPL,1269,26.6470588235294,-0.963490870896108,17
KU_ISPL,1220,33.8235294117647,-0.729583466148664,17
KU_ISPL,293,29.4117647058824,-0.817399388275526,17
KU_ISPL,263,33.7352941176471,-0.698426677916839,34
KU_ISPL,565,48.7058823529412,-0.258842562293695,17
KU_ISPL,282,45,-0.319840769988783,17
KU_ISPL,220,50.1176470588235,-0.167939320376826,17
KU_ISPL,1246,26.8823529411765,-0.901511147383166,17
KU_ISPL,1391,35.7647058823529,-0.629184744974274,17
KU_ISPL,792,28.7647058823529,-0.881701881795276,17
KU_ISPL,572,32.7647058823529,-0.697089402556554,17
KU_ISPL,1105,46.4,-0.478864670396389,15
KU_ISPL,917,25.9333333333333,-1.01396392291593,15
KU_ISPL,120,30.2666666666667,-0.891157338158711,15
KU_ISPL,1523,30.1333333333333,-0.881445156045132,15
KU_ISPL,69,33.4,-0.768643447859509,15
KU_ISPL,212,68.4666666666667,0.364468072550082,30
KU_ISPL,634,30.3333333333333,-0.689010993501441,15
KU_ISPL,1492,31.4666666666667,-0.664123473778355,15
KU_ISPL,1678,38.5333333333333,-0.477283401053475,15
KU_ISPL,1065,34,-0.569454407204469,15
KU_ISPL,1495,33.3333333333333,-0.581449313663362,15
KU_ISPL,1444,38.1333333333333,-0.461479127454151,15
KU_ISPL,858,24.6470588235294,-0.802133381491872,34
KU_ISPL,797,34.1176470588235,-0.516310518541581,17
KU_ISPL,1140,23.2352941176471,-0.825272918566415,17
KU_ISPL,1431,30.1764705882353,-0.517726215733794,17
KU_ISPL,270,24.8235294117647,-0.789742521696577,17
KU_ISPL,1600,33.0588235294118,-0.52662879331675,17
KU_ISPL,508,20.3529411764706,-0.97077425949594,17
KU_ISPL,44,34.6470588235294,-0.503579679970036,17
KU_ISPL,1143,27.4705882352941,-0.748989360676068,17
KU_ISPL,705,28,-0.760681754041533,17
KU_ISPL,714,36.4,-0.547519067907762,15
KU_ISPL,778,34.8666666666667,-0.591035766587954,15
KU_ISPL,557,29.4666666666667,-0.869608624525147,15
KU_ISPL,1525,29.1333333333333,-0.719971434028409,15
KU_ISPL,1054,31.7333333333333,-0.71109497848591,15
KU_ISPL,1296,47.9333333333333,-0.104201686782318,15
KU_ISPL,612,48.0666666666667,-0.260254321583747,15
KU_ISPL,757,34.8,-0.639734238340191,15
KU_ISPL,209,30.1333333333333,-0.897243683718358,15
KU_ISPL,480,26.7333333333333,-0.991052129299222,15
KU_ISPL,1247,29.2,-0.597118016084409,15
KU_ISPL,864,22.3333333333333,-0.780417413319964,15
KU_ISPL,52,33.8666666666667,-0.377008152144593,15
KU_ISPL,59,25,-0.640976817561533,15
KU_ISPL,629,41.5333333333333,-0.146212947199404,15
KU_ISPL,326,33.7333333333333,-0.333838505478504,15
KU_ISPL,1547,21.9333333333333,-0.779182965110739,15
KU_ISPL,1037,27.2333333333333,-0.672330994501775,30
KU_ISPL,875,30.8666666666667,-0.514789606524602,15
KU_ISPL,1366,31.8,-0.456810546459432,15
KU_ISPL,1073,27,-0.772832465180885,18
KU_ISPL,593,48.8888888888889,-0.207729433992708,18
KU_ISPL,828,31.0555555555556,-0.693116075795064,18
KU_ISPL,1665,24.8888888888889,-0.838744263315823,18
KU_ISPL,40,36.6111111111111,-0.558759456344016,18
KU_ISPL,585,22.8333333333333,-0.979260358679013,18
KU_ISPL,1609,32.9444444444444,-0.619942117977559,18
KU_ISPL,873,34.1111111111111,-0.644317893488612,18
KU_ISPL,1538,27.5555555555556,-0.79424008536821,18
KU_ISPL,1024,20.2222222222222,-0.974767045159848,18
KU_ISPL,1113,39.8333333333333,-0.444834155029905,18
KU_ISPL,361,21.4444444444444,-0.960214638513177,18
KU_ISPL,717,32.7777777777778,-0.601744967928225,18
KU_ISPL,134,35.5833333333333,-0.493743318997101,36
KU_ISPL,937,15.8888888888889,-1.13654451929135,18
KU_ISPL,1651,44.2777777777778,-0.182524447747414,18
KU_ISPL,893,19.0555555555556,-0.987336109663567,18
KU_ISPL,423,36.5555555555556,-0.479983079703768,18
KU_ISPL,132,29.2777777777778,-0.732958760380334,18
KU_ISPL,1560,22.2222222222222,-0.921984106477499,18
KU_ISPL,825,23.8333333333333,-0.881225110116203,18
KU_ISPL,366,29.6111111111111,-0.717385031483918,18
KU_ISPL,1637,24.8888888888889,-0.857617729533931,18
KU_ISPL,1022,31.2222222222222,-0.585725239587922,18
KU_ISPL,575,36.2,-0.551959122520428,15
KU_ISPL,908,39.5333333333333,-0.469472717180848,15
KU_ISPL,1517,36.8,-0.485160306575709,15
KU_ISPL,1164,32.8,-0.659109837721187,15
KU_ISPL,770,34.6666666666667,-0.565532343584158,15
KU_ISPL,1676,45.7333333333333,-0.361002312800528,15
KU_ISPL,344,32.3333333333333,-0.669026999266008,15
KU_ISPL,1325,30.8,-0.681041689111614,15
KU_ISPL,1209,33.7333333333333,-0.653403327454171,15
KU_ISPL,464,42.7333333333333,-0.28654415153645,15
KU_ISPL,1210,31.3157894736842,-0.64881189883485,38
KU_ISPL,171,25.1578947368421,-0.846497832875428,19
KU_ISPL,168,24.8421052631579,-0.839803283314491,38
KU_ISPL,471,23.4736842105263,-0.882640975979819,19
KU_ISPL,681,24.0526315789474,-0.874935175393476,19
KU_ISPL,1671,45.3684210526316,-0.21052482103475,19
KU_ISPL,147,24.4736842105263,-0.866364835745538,19
KU_ISPL,788,41.1052631578947,-0.316228410070168,19
KU_ISPL,982,47,-0.194654336747005,19
KU_ISPL,1207,40.5789473684211,-0.341422241485306,19
KU_ISPL,1074,10.75,-1.13613378708294,16
KU_ISPL,768,27.875,-0.659795991655483,16
KU_ISPL,881,19.875,-0.83361991787407,16
KU_ISPL,1103,24.3125,-0.692639961228739,16
KU_ISPL,734,24.75,-0.67375214676896,16
KU_ISPL,793,31.5625,-0.474152411624581,16
KU_ISPL,45,25.9375,-0.608615261096296,32
KU_ISPL,967,25.625,-0.613398624636931,16
KU_ISPL,1010,26.9375,-0.622382636048703,16
KU_ISPL,934,23.9375,-0.635801622342799,16
KU_ISPL,795,29.9375,-0.52345975745612,16
KU_ISPL,1396,33,-0.417211328931195,16
KU_ISPL,1257,14.8125,-0.900958340729398,16
KU_ISPL,438,30.875,-0.469146138774545,16
KU_ISPL,1005,26.1875,-0.680078255245354,16
KU_ISPL,1099,25.1875,-0.711005571779332,16
KU_ISPL,1451,42,-0.285548719438935,16
KU_ISPL,250,24.875,-0.693974791166092,16
KU_ISPL,1095,22.9375,-0.76256002593983,16
KU_ISPL,233,23.8125,-0.707956711184856,16
KU_ISPL,196,42.3125,-0.258797521425094,16
KU_ISPL,1549,37.0625,-0.376536019439352,32
KU_ISPL,415,41.3125,-0.294928242077616,16
KU_ISPL,956,22,-0.748150120538163,15
KU_ISPL,1633,18.4666666666667,-0.827152094499957,15
KU_ISPL,1397,22,-0.715263515781349,15
KU_ISPL,1347,28.6,-0.562141222564566,15
KU_ISPL,332,40.7333333333333,-0.181789998726176,15
KU_ISPL,1258,41.7333333333333,-0.149786254329099,15
KU_ISPL,23,27.1333333333333,-0.57131983727357,15
KU_ISPL,317,21.2,-0.723368590917795,15
KU_ISPL,1050,36.5333333333333,-0.318073011635331,15
KU_ISPL,1605,31.9333333333333,-0.448305359075562,15
KU_ISPL,479,33.3333333333333,-0.346377101115728,15
KU_ISPL,359,25.5333333333333,-0.614412388762988,15
KU_ISPL,1418,30.4666666666667,-0.477642771197188,15
KU_ISPL,771,30.5333333333333,-0.504233324244425,15
KU_ISPL,1036,26.8,-0.588493115046193,15
PicSOM,845,82,0.853405949237576,17
PicSOM,896,38.0588235294118,-0.407921697747151,17
PicSOM,512,47.5882352941176,-0.153305594825047,17
PicSOM,1373,46.8235294117647,-0.109787495383755,17
PicSOM,670,82.8823529411765,0.831353252343737,17
PicSOM,872,49.2941176470588,-0.175462624783464,17
PicSOM,596,52.7647058823529,-0.01556458386444,34
PicSOM,1515,35.4705882352941,-0.559674183125045,17
PicSOM,1629,79.0588235294118,0.720568611375848,17
PicSOM,847,80.2941176470588,0.768509795674676,17
PicSOM,1355,34.1052631578947,-0.606062185547478,19
PicSOM,1069,64.5263157894737,0.128823451460256,19
PicSOM,470,84.4210526315789,0.812148404618325,19
PicSOM,1006,54.6315789473684,0.000700294589225,19
PicSOM,1281,36.4210526315789,-0.563930236255244,19
PicSOM,418,63.2631578947368,0.160297795249295,19
PicSOM,1182,55.5263157894737,0.014731903674711,19
PicSOM,175,50.6315789473684,-0.158046962176142,19
PicSOM,1592,57.7368421052632,0.086993236789909,19
PicSOM,867,85.9210526315789,0.857007547898938,38
PicSOM,145,45.7368421052632,-0.299864983287024,19
PicSOM,194,81.5789473684211,0.772858684702923,19
PicSOM,977,29.7894736842105,-0.713804941673152,19
PicSOM,608,68.3529411764706,0.215066364696182,17
PicSOM,702,72.5294117647059,0.413489013692252,17
PicSOM,398,82.2352941176471,0.710915868483436,17
PicSOM,533,68.3529411764706,0.346747596240681,17
PicSOM,793,46.7058823529412,-0.243309252191773,17
PicSOM,1357,60.7058823529412,0.060811150270903,17
PicSOM,717,57.1764705882353,0.103053069673139,17
PicSOM,1635,53.7647058823529,-0.026527932863718,17
PicSOM,422,41.4117647058824,-0.383020909327229,17
PicSOM,686,33.7058823529412,-0.632716671593654,17
PicSOM,79,57.0588235294118,0.05886401992769,17
PicSOM,925,60.9411764705882,0.071684589133968,17
PicSOM,786,47.8235294117647,-0.19728753152228,17
PicSOM,884,39.7058823529412,-0.451724017687428,17
PicSOM,1409,60.7058823529412,0.131419810707938,17
PicSOM,1309,37.8235294117647,-0.553051530426343,17
PicSOM,278,51.5882352941176,0.090636270341315,17
PicSOM,416,52.8823529411765,-0.024461264524573,17
PicSOM,1088,53.9117647058824,0.044182879885936,34
PicSOM,1221,47.2941176470588,-0.133380911810324,17
PicSOM,1080,30.7058823529412,-0.54464498896567,17
PicSOM,131,65.3529411764706,0.41252400387247,17
PicSOM,1041,40.5882352941176,-0.315892856382892,17
PicSOM,1120,89.4705882352941,1.15929913646094,17
PicSOM,752,52.3529411764706,0.040176424953292,17
PicSOM,236,36.7647058823529,-0.422823990669074,17
PicSOM,883,30.7058823529412,-0.508261949147057,17
PicSOM,1593,52.2941176470588,-0.027290806533458,17
PicSOM,165,22.5882352941176,-0.814168926435846,17
PicSOM,476,64.7647058823529,0.465273005372322,17
PicSOM,558,60.0555555555556,-0.133991152374148,18
PicSOM,1351,53.9444444444444,-0.212208614386407,18
PicSOM,783,79.4444444444444,0.438501043081093,18
PicSOM,527,54.4444444444444,-0.134030355199621,18
PicSOM,701,55.0555555555556,-0.167554484090989,18
PicSOM,383,44.6111111111111,-0.426129469737625,18
PicSOM,1338,53.7222222222222,-0.096255109409862,18
PicSOM,114,51.6944444444444,-0.307796329685477,36
PicSOM,1417,60.3333333333333,-0.027569080500059,18
PicSOM,1562,83.8888888888889,0.833708186911223,18
PicSOM,1574,30.1666666666667,-0.575124848029219,18
PicSOM,326,76.4444444444444,0.668690989782781,18
PicSOM,1310,18.1111111111111,-0.945542390709796,18
PicSOM,1495,23.7222222222222,-0.763124294106953,18
PicSOM,787,33.6666666666667,-0.473847120779461,18
PicSOM,469,51.1111111111111,-0.009967726511224,18
PicSOM,716,56.4444444444444,0.117686057163322,18
PicSOM,457,69.5555555555556,0.49818212006685,18
PicSOM,180,23,-0.787270148333755,18
PicSOM,386,72.8888888888889,0.525816828830508,18
PicSOM,650,47.875,-0.138010084254227,16
PicSOM,798,62.25,0.209854226048677,16
PicSOM,158,40.5,-0.336216290817368,16
PicSOM,560,20.125,-0.898019718149824,16
PicSOM,1290,65.5,0.346887718165103,16
PicSOM,673,60.6875,0.214462733206127,16
PicSOM,1344,63,0.288592503238702,16
PicSOM,712,39.375,-0.377648465032218,16
PicSOM,508,67.8125,0.438818743268431,16
PicSOM,147,80.4473684210526,0.769641716869929,38
PicSOM,371,28.1842105263158,-0.634489102225801,38
PicSOM,761,35.0526315789474,-0.498927330846275,19
PicSOM,207,37.7894736842105,-0.372727906267315,19
PicSOM,617,49.6052631578947,-0.125241994413102,38
PicSOM,304,80.6842105263158,0.763906614029334,19
PicSOM,587,49.7368421052632,-0.042264599468776,19
PicSOM,877,40.3157894736842,-0.305752074148238,19
PicSOM,771,84.6578947368421,0.901700193511077,38
PicSOM,568,79.5789473684211,0.702088620385428,19
PicSOM,48,34.6875,-0.553123809519302,16
PicSOM,850,54.6875,0.050851092799122,16
PicSOM,1213,81.5625,0.749888020617585,16
PicSOM,294,45.5625,-0.234915378846542,16
PicSOM,924,54.1875,0.024923076432272,16
PicSOM,668,52.4375,-0.045713382300512,16
PicSOM,1563,30.625,-0.727946846075694,16
PicSOM,80,87.875,0.940466538189025,16
PicSOM,621,80.3125,0.665195459396663,16
PicSOM,1427,79.2105263157895,0.831729059007662,19
PicSOM,1107,18,-0.850356878534866,19
PicSOM,295,65.5263157894737,0.422526993990793,19
PicSOM,928,72.8421052631579,0.646680540903087,19
PicSOM,112,79.5263157894737,0.831052856764531,19
PicSOM,1405,72.5263157894737,0.573777672303723,19
PicSOM,62,69.3157894736842,0.529292102494484,19
PicSOM,203,37.3684210526316,-0.315804770655326,19
PicSOM,1013,20.6315789473684,-0.782298555499236,19
PicSOM,1352,36.0526315789474,-0.339856398423269,19
PicSOM,829,30.1052631578947,-0.549640262290688,19
PicSOM,1524,33.9473684210526,-0.441973798695376,19
PicSOM,1451,73.3157894736842,0.670676837117215,19
PicSOM,806,29.6315789473684,-0.559895614894442,19
PicSOM,983,46.9411764705882,-0.247116145358216,17
PicSOM,1370,79.4117647058823,0.707881301577743,17
PicSOM,1343,78.1764705882353,0.707115396515739,17
PicSOM,226,54.7647058823529,0.030047668067981,17
PicSOM,654,38.8823529411765,-0.490391743431503,17
PicSOM,1390,30.7058823529412,-0.79065528529802,17
PicSOM,205,66.2352941176471,0.292382724350526,17
PicSOM,1349,74.7058823529412,0.53009423910394,17
PicSOM,1548,52,-0.098352993275224,17
PicSOM,178,80.2941176470588,0.721837708157236,17
PicSOM,1174,41,-0.452389837678849,17
PicSOM,529,54.1333333333333,-0.186647063481321,15
PicSOM,628,56.0666666666667,-0.086105923452973,15
PicSOM,1529,24.9333333333333,-0.936874205324716,15
PicSOM,216,38.8666666666667,-0.4467215142771,15
PicSOM,755,59.6666666666667,0.162257936157118,15
PicSOM,52,36.5333333333333,-0.513161336959508,15
PicSOM,1222,37.4,-0.512695567543069,15
PicSOM,130,62.7333333333333,0.249180882632429,15
PicSOM,297,40.6,-0.363284642665283,15
PicSOM,138,34.6666666666667,-0.543867029253925,15
PicSOM,622,75.6,0.652960673719771,15
PicSOM,1523,55.2666666666667,0.052906426343418,15
PicSOM,0,46.4333333333333,-0.205499292622304,30
PicSOM,1595,39.9411764705882,-0.326785966247114,17
PicSOM,307,22.4705882352941,-0.862971970596681,17
PicSOM,412,74.5882352941177,0.546564247099521,17
PicSOM,613,48.5882352941176,-0.298935998636634,17
PicSOM,1224,75.1176470588235,0.479450404439068,17
PicSOM,36,49.7647058823529,-0.134014797392262,17
PicSOM,1630,88.4705882352941,0.906922378282632,17
PicSOM,1097,35.9411764705882,-0.658967041586299,17
PicSOM,445,39.1764705882353,-0.517856920097227,17
PicSOM,101,58,-0.031213905104955,17
PicSOM,283,68.1176470588235,0.356609139676057,17
PicSOM,351,31.2941176470588,-0.598044764467408,17
PicSOM,653,73.7647058823529,0.493647176877936,17
PicSOM,1090,33,-0.66919684768859,17
PicSOM,381,59.6,0.223084448918602,15
PicSOM,343,84.4,0.816908142709215,30
PicSOM,337,35,-0.61805734442484,15
PicSOM,116,42.7333333333333,-0.373828658257015,15
PicSOM,1308,39.2,-0.477832069447719,15
PicSOM,1640,48.2,-0.270737262641932,15
PicSOM,1546,52.9333333333333,-0.152984327367211,15
PicSOM,676,50.2,-0.134937118163034,15
PicSOM,1395,27.1333333333333,-0.621553036424447,15
PicSOM,497,26.6,-0.699339968542625,15
PicSOM,726,79.2,0.773497217970952,15
PicSOM,588,41.1333333333333,-0.3499885288896,15
PicSOM,933,47.2,-0.010256621448387,15
PicSOM,856,57.7333333333333,0.26144764220733,15
PicSOM,1033,35.2666666666667,-0.33524279177029,15
PicSOM,461,68.1666666666667,0.278737971850992,18
PicSOM,1488,42.1111111111111,-0.425465922061107,18
PicSOM,1518,61.2777777777778,0.115321284065359,18
PicSOM,85,28.6111111111111,-0.789594247405341,36
PicSOM,432,40.8888888888889,-0.394673778247705,36
PicSOM,1049,41.3888888888889,-0.314246495571609,18
PicSOM,437,30.3888888888889,-0.713859208091327,18
PicSOM,544,86.3888888888889,0.877496202373251,18
PicSOM,1330,69.2777777777778,0.553581400185027,18
PicSOM,1638,53.5,0.1038692904146,18
PicSOM,821,37.1111111111111,-0.442896929654931,18
PicSOM,1115,60.3333333333333,0.235800681227701,18
PicSOM,1569,85.9444444444444,1.03542450005415,18
PicSOM,661,61.5555555555556,0.225187108192093,18
PicSOM,132,47.6666666666667,-0.107402027110534,18
PicSOM,546,34.8888888888889,-0.518088283130021,18
PicSOM,88,51.6111111111111,-0.042463673370588,18
PicSOM,246,35.2222222222222,-0.506343046523305,18
PicSOM,1150,63.0666666666667,0.211328452255375,15
PicSOM,1675,69.4,0.468305249848039,15
PicSOM,1209,62.3333333333333,0.155864351854391,15
PicSOM,923,71.4,0.474355977102019,15
PicSOM,1252,61,0.168201753842482,30
PicSOM,1579,32.2666666666667,-0.649506290488689,15
PicSOM,1161,47.2666666666667,-0.197425008654457,15
PicSOM,453,79.2,0.67214674462568,15
PicSOM,302,58.4333333333333,0.167052300410427,30
PicSOM,167,40.7368421052632,-0.447219082983183,19
PicSOM,1622,45.6842105263158,-0.276340161530132,38
PicSOM,1261,76.6842105263158,0.641759098546254,19
PicSOM,155,46.8947368421053,-0.157093497325598,19
PicSOM,1508,44.2105263157895,-0.337674622036554,19
PicSOM,760,39.1578947368421,-0.422782923988952,19
PicSOM,714,78.7894736842105,0.65171593159059,19
PicSOM,1391,34.4736842105263,-0.517872727844484,19
PicSOM,975,30.3157894736842,-0.648183283719477,19
PicSOM,483,65.7368421052632,0.317934907876063,19
PicSOM,300,81.7894736842105,0.764585236886893,19
PicSOM,323,68.0526315789474,0.398205022720177,19
PicSOM,1146,29.625,-0.468204456116466,16
PicSOM,606,32.625,-0.377499438305269,16
PicSOM,876,13.5,-0.946012779148843,16
PicSOM,151,75.25,0.698288243245328,16
PicSOM,822,36.4375,-0.319825044928957,16
PicSOM,538,17.125,-0.953788332755239,16
PicSOM,448,28,-0.594435357959351,16
PicSOM,1172,41.75,-0.137076138465114,16
PicSOM,7,78.3125,0.754649163679277,16
PicSOM,915,64.875,0.442764227953718,16
PicSOM,1055,41.625,-0.17000918709579,32
PicSOM,168,34.6875,-0.424258777648887,16
PicSOM,1614,24.6875,-0.689102649651883,16
PicSOM,1565,82,0.887207183934113,16
PicSOM,428,24.25,-0.695074196837385,16
PicSOM,594,68.5625,0.55317455690081,16
PicSOM,157,35.3125,-0.350906875828456,16
PicSOM,1200,90.125,1.10055219954476,16
PicSOM,117,53.5625,0.101187668946019,16
PicSOM,1118,60.9375,0.252728814583056,16
PicSOM,1169,52.0625,0.15788149962299,16
PicSOM,384,88.9375,1.09026335841554,16
PicSOM,1418,23.4,-0.671613729381462,15
PicSOM,732,33.1333333333333,-0.377199715993314,15
PicSOM,1412,88.8666666666667,1.07082170977474,15
PicSOM,1477,84.4666666666667,0.935016037705235,15
PicSOM,523,32.4666666666667,-0.424367400274501,15
PicSOM,738,55.6,0.180802731788044,15
PicSOM,659,65.5666666666667,0.476427004401745,30
PicSOM,1501,19.2666666666667,-0.832229487846526,15
PicSOM,229,32.4,-0.395686261096039,15
PicSOM,747,35.4,-0.33520162045133,15
PicSOM,1245,23.2666666666667,-0.703661415866413,15
PicSOM,1445,31.4666666666667,-0.475494818767561,15
PicSOM,966,21.1333333333333,-0.740858096911492,15
IMFD_IMPRESEE,516,33.4117647058824,-0.510212553855854,17
IMFD_IMPRESEE,1610,29.5882352941176,-0.734765316353142,17
IMFD_IMPRESEE,1643,37.2941176470588,-0.401187793663592,17
IMFD_IMPRESEE,597,55.1176470588235,0.050872084212069,17
IMFD_IMPRESEE,1045,36.2941176470588,-0.524337978810112,17
IMFD_IMPRESEE,1623,53.0588235294118,0.047105218209201,17
IMFD_IMPRESEE,1438,38.7058823529412,-0.430761388922058,17
IMFD_IMPRESEE,1108,36.6470588235294,-0.455804625885903,17
IMFD_IMPRESEE,1581,21.2105263157895,-0.95966626361364,19
IMFD_IMPRESEE,0,19.8421052631579,-1.03329310104693,19
IMFD_IMPRESEE,1462,51.6315789473684,-0.095515051281923,19
IMFD_IMPRESEE,427,49.1052631578947,-0.266386360968407,19
IMFD_IMPRESEE,1034,32.7894736842105,-0.623129353949381,19
IMFD_IMPRESEE,1356,42.1052631578947,-0.323243281622517,19
IMFD_IMPRESEE,67,28.9473684210526,-0.650191626976233,19
IMFD_IMPRESEE,1081,27.8947368421053,-0.680656770996049,19
IMFD_IMPRESEE,680,78.1578947368421,0.679537120961305,19
IMFD_IMPRESEE,1025,61.4705882352941,0.067482550816961,17
IMFD_IMPRESEE,1032,39.4117647058824,-0.485392788562864,17
IMFD_IMPRESEE,360,42.7058823529412,-0.359461227441001,17
IMFD_IMPRESEE,1394,43.5,-0.337103898717021,34
IMFD_IMPRESEE,1215,66.9411764705882,0.315063056353538,17
IMFD_IMPRESEE,969,30.8235294117647,-0.727278226600091,17
IMFD_IMPRESEE,849,71.2941176470588,0.435785828703956,17
IMFD_IMPRESEE,542,48.8823529411765,-0.239583171229983,17
IMFD_IMPRESEE,596,39.0294117647059,-0.26360906819782,34
IMFD_IMPRESEE,1316,30,-0.522895322722381,17
IMFD_IMPRESEE,451,50.5882352941176,0.004293971955542,17
IMFD_IMPRESEE,290,40.5294117647059,-0.290797225393751,17
IMFD_IMPRESEE,1530,24.7058823529412,-0.79219619397838,17
IMFD_IMPRESEE,1681,34.7058823529412,-0.469207928855165,17
IMFD_IMPRESEE,107,26.6470588235294,-0.697976897076177,17
IMFD_IMPRESEE,75,36.2941176470588,-0.480759286049355,17
IMFD_IMPRESEE,1365,31.6470588235294,-0.48643371113087,17
IMFD_IMPRESEE,388,35.6764705882353,-0.399889340843066,34
IMFD_IMPRESEE,218,30.5882352941176,-0.645667036987248,17
IMFD_IMPRESEE,1630,65.7647058823529,0.41016800704249,17
IMFD_IMPRESEE,10,53.2222222222222,-0.320294498845047,18
IMFD_IMPRESEE,303,53.8888888888889,-0.161537517386183,36
IMFD_IMPRESEE,1491,46.2222222222222,-0.495622165323537,18
IMFD_IMPRESEE,215,40.1666666666667,-0.5587146797094,18
IMFD_IMPRESEE,458,61.7222222222222,-0.11851090557207,18
IMFD_IMPRESEE,1390,62.6111111111111,0.036618480458489,18
IMFD_IMPRESEE,1106,38.4444444444444,-0.605039214229286,18
IMFD_IMPRESEE,686,38.5555555555556,-0.281428925432713,18
IMFD_IMPRESEE,672,14.9444444444444,-1.06299743305199,18
IMFD_IMPRESEE,864,26.2777777777778,-0.717523399196365,18
IMFD_IMPRESEE,1167,23.3333333333333,-0.830710875287632,18
IMFD_IMPRESEE,178,63.8888888888889,0.322811167813685,18
IMFD_IMPRESEE,1031,21.6111111111111,-0.851704865341388,18
IMFD_IMPRESEE,141,40.3888888888889,-0.302608539598431,18
IMFD_IMPRESEE,482,24.1111111111111,-0.755003422830766,18
IMFD_IMPRESEE,828,18.625,-0.941521406497646,16
IMFD_IMPRESEE,432,24.9375,-0.781263572853784,32
IMFD_IMPRESEE,972,28.375,-0.694491246914603,16
IMFD_IMPRESEE,393,40.3125,-0.427408123683204,16
IMFD_IMPRESEE,598,25.75,-0.766814914083454,16
IMFD_IMPRESEE,1388,28,-0.682834063286345,16
IMFD_IMPRESEE,1086,31.25,-0.576374433850987,16
IMFD_IMPRESEE,664,72.3125,0.542859157053507,16
IMFD_IMPRESEE,495,71.8947368421053,0.531620042129189,19
IMFD_IMPRESEE,1611,24.5789473684211,-0.83375014266495,19
IMFD_IMPRESEE,109,66,0.37872530093007,19
IMFD_IMPRESEE,736,26.1578947368421,-0.801579612369942,19
IMFD_IMPRESEE,237,26.8421052631579,-0.569641329870967,19
IMFD_IMPRESEE,1680,25.7894736842105,-0.725459187282086,19
IMFD_IMPRESEE,1422,19.9473684210526,-0.836698119079774,19
IMFD_IMPRESEE,817,61.3157894736842,0.246644148295034,19
IMFD_IMPRESEE,653,54.7894736842105,0.118720055657151,19
IMFD_IMPRESEE,1433,26.375,-0.832270518911505,16
IMFD_IMPRESEE,1103,76.875,0.615303099353205,16
IMFD_IMPRESEE,1018,39.4375,-0.383958059139482,16
IMFD_IMPRESEE,1072,50.53125,-0.130738529800635,32
IMFD_IMPRESEE,1139,41.75,-0.372014975692326,32
IMFD_IMPRESEE,424,46.5625,-0.220969993814243,16
IMFD_IMPRESEE,1456,36.5,-0.523505066270255,16
IMFD_IMPRESEE,1573,18.3684210526316,-0.856573577757843,38
IMFD_IMPRESEE,224,26.1052631578947,-0.608953947001114,19
IMFD_IMPRESEE,1096,38.7368421052632,-0.298704858807521,19
IMFD_IMPRESEE,894,24.7894736842105,-0.666848780125969,19
IMFD_IMPRESEE,84,34.2894736842105,-0.394002759944732,38
IMFD_IMPRESEE,943,37.8421052631579,-0.272800317114968,19
IMFD_IMPRESEE,1466,36,-0.461523577169143,19
IMFD_IMPRESEE,1645,30.4210526315789,-0.516467569938793,19
IMFD_IMPRESEE,165,24.6315789473684,-0.685590291858222,19
IMFD_IMPRESEE,883,25.5294117647059,-0.973556698954492,17
IMFD_IMPRESEE,1133,25.2941176470588,-0.982062201526946,17
IMFD_IMPRESEE,740,29.4705882352941,-0.846689848843298,34
IMFD_IMPRESEE,727,33.4117647058824,-0.744532963468277,17
IMFD_IMPRESEE,964,49.5882352941176,-0.214868610071073,17
IMFD_IMPRESEE,1087,47.7647058823529,-0.216234138619632,17
IMFD_IMPRESEE,661,46,-0.291592306968088,17
IMFD_IMPRESEE,1308,53.1176470588235,-0.056112734010686,17
IMFD_IMPRESEE,62,67,0.260951734007321,17
IMFD_IMPRESEE,333,39.1176470588235,-0.497235438453322,34
IMFD_IMPRESEE,1320,28.6470588235294,-0.872978675996023,17
IMFD_IMPRESEE,389,45.8666666666667,-0.305873603803333,15
IMFD_IMPRESEE,198,47.3333333333333,-0.310755903791229,15
IMFD_IMPRESEE,948,40.5333333333333,-0.422480067357001,15
IMFD_IMPRESEE,1398,34.4666666666667,-0.63537297867987,30
IMFD_IMPRESEE,150,45.4666666666667,-0.450582388484049,15
IMFD_IMPRESEE,539,34.2666666666667,-0.699179708974669,15
IMFD_IMPRESEE,1126,55.5333333333333,-0.093643473112108,15
IMFD_IMPRESEE,1358,25.3333333333333,-0.937520682808002,15
IMFD_IMPRESEE,861,42.2,-0.345826867157751,15
IMFD_IMPRESEE,754,41.3333333333333,-0.363330678236548,15
IMFD_IMPRESEE,1183,56.2,0.036445367280361,15
IMFD_IMPRESEE,1531,36.0666666666667,-0.536159442530437,15
IMFD_IMPRESEE,992,34.6,-0.558578669244776,15
IMFD_IMPRESEE,934,35.3333333333333,-0.527060342212149,15
IMFD_IMPRESEE,799,31.4666666666667,-0.649778207975695,15
IMFD_IMPRESEE,1693,26.0588235294118,-0.744830546050058,34
IMFD_IMPRESEE,1504,70.5882352941177,0.402677999234169,17
IMFD_IMPRESEE,760,27.4705882352941,-0.720162756619408,17
IMFD_IMPRESEE,748,23.7647058823529,-0.784569106625222,17
IMFD_IMPRESEE,1146,27.2352941176471,-0.829404241479939,17
IMFD_IMPRESEE,1671,24.5882352941176,-0.978292219248594,17
IMFD_IMPRESEE,1295,59.8823529411765,-0.004674197413274,17
IMFD_IMPRESEE,1476,77.0588235294118,0.603510986118112,17
IMFD_IMPRESEE,536,28.7058823529412,-0.729804231304143,17
IMFD_IMPRESEE,659,66.2352941176471,0.156696246887367,17
IMFD_IMPRESEE,443,37.9411764705882,-0.482648570877747,34
IMFD_IMPRESEE,673,32.7333333333333,-0.659334585966521,15
IMFD_IMPRESEE,946,35.7333333333333,-0.69153438469709,30
IMFD_IMPRESEE,414,30.2,-0.617780853333739,15
IMFD_IMPRESEE,1270,50,-0.089781792292431,15
IMFD_IMPRESEE,1424,53.4,-0.01277904587506,15
IMFD_IMPRESEE,878,40.3333333333333,-0.456970801119329,15
IMFD_IMPRESEE,1114,40,-0.428841509645411,15
IMFD_IMPRESEE,467,39.9,-0.446985501871487,30
IMFD_IMPRESEE,112,44.0666666666667,-0.204513567347692,15
IMFD_IMPRESEE,986,45.5333333333333,-0.457583810013456,15
IMFD_IMPRESEE,1055,43.0666666666667,-0.294387411474641,15
IMFD_IMPRESEE,1188,35.2666666666667,-0.562681629895527,15
IMFD_IMPRESEE,463,37.8666666666667,-0.512629546050538,15
IMFD_IMPRESEE,14,39.2,-0.3275339931396,15
IMFD_IMPRESEE,1682,36.9333333333333,-0.291829641793558,15
IMFD_IMPRESEE,829,38.5,-0.321435820581547,30
IMFD_IMPRESEE,266,34.5333333333333,-0.40334080763736,15
IMFD_IMPRESEE,853,18.5333333333333,-0.988375269691442,15
IMFD_IMPRESEE,1355,29.8,-0.594912485355008,15
IMFD_IMPRESEE,577,29.8666666666667,-0.556919795365439,15
IMFD_IMPRESEE,445,24.3333333333333,-0.901595842914138,36
IMFD_IMPRESEE,1361,42.4444444444444,-0.307688357956933,18
IMFD_IMPRESEE,1017,37.3888888888889,-0.497418126553184,18
IMFD_IMPRESEE,1079,51.5,-0.096470292403721,18
IMFD_IMPRESEE,670,34.0555555555556,-0.559515782507057,18
IMFD_IMPRESEE,1591,26.4444444444444,-0.784978773316878,18
IMFD_IMPRESEE,590,54.1666666666667,-0.009623524649797,18
IMFD_IMPRESEE,462,32.4444444444444,-0.579268164083165,18
IMFD_IMPRESEE,81,37.6666666666667,-0.423087316552939,18
IMFD_IMPRESEE,584,34.5555555555556,-0.478800148630086,18
IMFD_IMPRESEE,1187,56.7777777777778,-0.022689232237941,18
IMFD_IMPRESEE,1209,26.5555555555556,-0.794410443275299,18
IMFD_IMPRESEE,182,30.8888888888889,-0.743339069960881,18
IMFD_IMPRESEE,180,46.8333333333333,-0.116013344627135,36
IMFD_IMPRESEE,421,35.8333333333333,-0.484036106339252,18
IMFD_IMPRESEE,561,38.8333333333333,-0.37287343114886,18
IMFD_IMPRESEE,701,49,-0.075036346807323,18
IMFD_IMPRESEE,1661,46.8888888888889,-0.159832977779698,18
IMFD_IMPRESEE,591,46.2777777777778,-0.165294487315692,18
IMFD_IMPRESEE,449,31.6666666666667,-0.647497742864916,18
IMFD_IMPRESEE,1023,72.3888888888889,0.607895606132865,18
IMFD_IMPRESEE,15,28.0555555555556,-0.776269919222466,18
IMFD_IMPRESEE,1250,25.9444444444444,-0.817466119162736,18
IMFD_IMPRESEE,154,66.8333333333333,0.501836973124568,18
IMFD_IMPRESEE,113,28.8888888888889,-0.689362483980106,18
IMFD_IMPRESEE,694,28.1666666666667,-0.713711237503352,18
IMFD_IMPRESEE,538,46.3888888888889,-0.150506679886573,18
IMFD_IMPRESEE,981,35.3888888888889,-0.483540497313564,18
IMFD_IMPRESEE,469,25.8666666666667,-0.821697380739916,15
IMFD_IMPRESEE,537,30.2,-0.787369232038269,15
IMFD_IMPRESEE,642,79.1333333333333,0.745091670840161,15
IMFD_IMPRESEE,1515,37.0666666666667,-0.496059352935638,15
IMFD_IMPRESEE,1403,26.2,-0.78657203334756,15
IMFD_IMPRESEE,1152,33.4666666666667,-0.595782722560684,15
IMFD_IMPRESEE,920,80.3333333333333,0.640456972732207,15
IMFD_IMPRESEE,1392,39.8,-0.389851946328008,15
IMFD_IMPRESEE,622,44.2666666666667,-0.294814264527498,15
IMFD_IMPRESEE,340,35.0666666666667,-0.560253073152323,15
IMFD_IMPRESEE,352,68,0.472406965191481,15
IMFD_IMPRESEE,564,26.2631578947368,-0.79376788168343,19
IMFD_IMPRESEE,1644,32.8947368421053,-0.567085268018337,19
IMFD_IMPRESEE,1464,25.3157894736842,-0.830696446114619,19
IMFD_IMPRESEE,1550,48.8421052631579,-0.100378121198522,19
IMFD_IMPRESEE,126,76.2105263157895,0.621245081215673,19
IMFD_IMPRESEE,501,31.25,-0.514014624114996,16
IMFD_IMPRESEE,1528,56.5625,0.065554308596305,16
IMFD_IMPRESEE,1272,30.625,-0.523724010384247,16
IMFD_IMPRESEE,860,30.3125,-0.544891796894649,16
IMFD_IMPRESEE,227,20.9375,-0.792400497875435,16
IMFD_IMPRESEE,893,29.375,-0.511392980393653,16
IMFD_IMPRESEE,39,36.625,-0.357178616845198,16
IMFD_IMPRESEE,1372,35.6875,-0.390224446152681,16
IMFD_IMPRESEE,377,35.375,-0.371629482390865,16
IMFD_IMPRESEE,555,29.875,-0.496545727784889,16
IMFD_IMPRESEE,1298,19,-0.795641355203917,16
IMFD_IMPRESEE,1481,30.9375,-0.468879395089319,16
IMFD_IMPRESEE,1294,31,-0.481963635850945,16
IMFD_IMPRESEE,530,32,-0.472989476255928,16
IMFD_IMPRESEE,1258,33.6875,-0.439722158102614,16
IMFD_IMPRESEE,1547,29.3125,-0.559620670597381,16
IMFD_IMPRESEE,1019,27.5,-0.629941067848888,16
IMFD_IMPRESEE,418,32.5,-0.421564653881412,16
IMFD_IMPRESEE,235,42.125,-0.250800254737466,16
IMFD_IMPRESEE,609,31.25,-0.493852051524869,16
IMFD_IMPRESEE,625,26.4375,-0.673122488235692,16
IMFD_IMPRESEE,336,23.9375,-0.708579022454728,16
IMFD_IMPRESEE,1046,49.75,-0.076529203258319,16
IMFD_IMPRESEE,1489,29,-0.513031166475443,15
IMFD_IMPRESEE,733,37.6,-0.284403249718996,15
IMFD_IMPRESEE,769,37.1333333333333,-0.297861993970097,15
IMFD_IMPRESEE,928,20.6,-0.768312057058296,30
IMFD_IMPRESEE,521,92.1333333333333,1.18254053897346,15
IMFD_IMPRESEE,805,48.8666666666667,0.069062683241438,15
IMFD_IMPRESEE,321,47.9333333333333,-0.033834515564717,15
IMFD_IMPRESEE,917,53.4666666666667,0.073956185508757,15
IMFD_IMPRESEE,888,46.3333333333333,-0.014582218254503,15
IMFD_IMPRESEE,40,29.9333333333333,-0.482258706895159,15
